stop_id,stop_code,stop_lat,stop_lon,location_type,wheelchair_boarding,name
3324,3324,52.114713,-106.657367,None,0,8th Street / Broadway
3758,3758,52.119613,-106.732138,None,0,500 Block Pendygrasse
4064,4064,52.100044,-106.656609,None,0,Broadway / Ruth
4139,4139,52.125001,-106.646334,None,0,Clarence / Aird
3015,3015,52.143867,-106.586094,None,0,Forest / 500-Block
3002,3002,52.131369,-106.603936,None,0,104th Street / Egbert
4492,4492,52.108582,-106.710894,None,0,Fletcher/ Maple Leaf
5381,5381,52.149021,-106.663195,None,0,Quebec / 36th Street
3304,3304,52.142283,-106.652222,None,0,7th Avenue / Duchess
3115,3115,52.126082,-106.705648,None,0,20th Street / Avenue W
5333,5333,52.084276,-106.609311,None,0,Hunter / Senick
3007,3007,52.136661,-106.604202,None,0,108th Street / Egbert
5577,5577,52.182864,-106.669802,None,0,Idylwyld Service / 3300-Block
5831,5831,52.129337,-106.677776,None,0,22nd Street / Avenue F
3497,3497,52.145403,-106.694177,None,0,Avenue P / Edmonton
3537,3537,52.147207,-106.717093,None,0,Richardson / Junor
4479,4479,52.123988,-106.586091,None,0,McKercher Dr / Boychuk Dr
3936,3936,52.099821,-106.599023,None,0,Kingsmere / Stillwater
4132,4132,52.112521,-106.646604,None,0,Clarence / 6th Street
5851,5851,52.123715,-106.650293,None,0,Temperance / Colony
5520,5520,52.079048,-106.620094,None,0,Vic Blvd / Stonebridge Common
3229,3229,52.143944,-106.683705,None,0,33rd Street / Avenue J
4076,4076,52.133708,-106.638041,None,0,Campus / Commerce Court
3159,3159,52.130495,-106.664363,None,0,23rd Street / 1st Avenue
4312,4312,52.136859,-106.670338,None,0,Idylwyld / 29th Street
4096,4096,52.133754,-106.598813,None,0,Central / 105th Street
5843,5843,52.136759,-106.681462,None,0,Avenue H / 29th Street
4290,4290,52.139146,-106.553894,None,0,Muzyka / Padget
3978,3978,52.135223,-106.659059,None,0,3rd Avenue / 26th Street
5655,5655,52.145803,-106.666247,None,0,Ontario / 34th Street
3492,3492,52.112931,-106.686352,None,0,Avenue K / Dudley
4193,4193,52.125944,-106.634562,None,0,Cumberland / Temperance
4372,4372,52.195978,-106.646629,None,0,Millar / 66th Street
3438,3438,52.164516,-106.61785,None,0,Assiniboine / Saguenay
5607,5607,52.093473,-106.626273,None,0,Wilson / 1800-Block
3386,3386,52.122731,-106.587262,None,0,Acadia / McKercher
3490,3490,52.150708,-106.717442,None,0,37th Street / Junor
5374,5374,52.145138,-106.696705,None,0,Edmonton / Co-op
5899,5899,52.130239,-106.661129,None,0,Downtown Terminal North
5734,5734,52.121693,-106.711935,None,0,Wardlow / 18th Street
5675,5675,52.079068,-106.62781,None,0,Galloway / LeValley
5674,5674,52.079058,-106.624879,None,0,Galloway / Stonebridge Common
5897,5897,52.130176,-106.661406,None,0,3rd Avenue / 23rd Street
5741,5741,52.129277,-106.631514,None,0,Campus / PAC
3281,3281,52.128617,-106.661866,None,0,3rd Avenue / 22nd Street
4370,4370,52.135223,-106.65879,None,0,3rd Avenue / 26th Street
4440,4440,52.172893,-106.660217,None,0,51st Street / 1st Avenue
5661,5661,52.126546,-106.748535,None,0,Hart / Bowlt
4302,4302,52.10705,-106.677373,None,0,Herman / Taylor
4174,4174,52.132446,-106.724084,None,0,Superstore
3195,3195,52.120541,-106.749398,None,0,McCormack / Sherry
3299,3299,52.184009,-106.646321,None,0,Miller / English
3597,3597,52.179249,-106.61783,None,0,Silverwood / JJ Thissen
5644,5644,52.159316,-106.679229,None,0,Cynthia / Hanselman
5760,5760,52.124672,-106.678605,None,0,19th Street / Avenue F
4085,4085,52.134284,-106.730086,None,0,Centennial / Diefenbaker
5427,5427,52.134911,-106.622968,None,0,East / Preston
5407,5407,52.158867,-106.679477,None,0,Robin / Cynthia
4373,4373,52.14611,-106.73796,None,0,Wedge / Latrace
3702,3702,52.147398,-106.605388,None,0,Reid / Adolph
5830,5830,52.129338,-106.673862,None,0,22nd Street / Avenue C
3578,3578,52.104949,-106.609455,None,0,Taylor / Arlington
3723,3723,52.136528,-106.654988,None,0,Queen / 5th Avenue
3622,3622,52.143942,-106.689153,None,0,33rd Street / Valens
5712,5712,52.144408,-106.717681,None,0,33rd Street / Junor
3309,3309,52.137953,-106.651967,None,0,7th Avenue / King
3422,3422,52.102988,-106.608648,None,0,Louise / 3100-Block
3102,3102,52.126095,-106.688588,None,0,20th Street / Avenue M
5429,5429,52.123374,-106.598824,None,0,Acadia / 300-Block
4116,4116,52.13699,-106.688911,None,0,29th Sreet / Avenue M
3392,3392,52.10263,-106.622189,None,0,Adelaide / Preston
5678,5678,52.09857,-106.646642,None,0,Clarence / Bute
4046,4046,52.109865,-106.656884,None,0,Broadway / 3rd Street
3362,3362,52.114546,-106.656474,None,0,8th Street / Broadway
4404,4404,52.137535,-106.588596,None,0,Kellough / James
3140,3140,52.129181,-106.668207,None,0,22nd Street / Auditorium
5719,5719,52.13656,-106.721655,None,0,Milton / Northumberland
5824,5824,52.108006,-106.656888,None,0,Broadway / 1st Street
5718,5718,52.139438,-106.718242,None,0,Massey / Northumberland
3237,3237,52.143933,-106.698573,None,0,33rd Street / Edmonton
3596,3596,52.176999,-106.611968,None,0,Silverwood / Lenore
3433,3433,52.163656,-106.622449,None,0,Assiniboine / Sturgeon
5664,5664,52.125369,-106.75833,None,0,Hart Road / Betts
4225,4225,52.098051,-106.584565,None,0,Stillwater / Weyakwin
3171,3171,52.13329,-106.659726,None,0,3rd Avenue / 25th Street
3616,3616,52.164636,-106.617268,None,0,Saguenay / Sandy
5551,5551,52.135455,-106.705661,None,0,Avenue W / Rylston
5604,5604,52.143859,-106.572436,None,0,Kenderdine / 2420 Kenderdine
3598,3598,52.179517,-106.618113,None,0,Silverwood / Chan
3135,3135,52.129364,-106.707087,None,0,22nd Street / Avenue X
5485,5485,52.083922,-106.646043,None,0,Stonebridge / Clarence
5339,5339,52.107394,-106.662858,None,0,Taylor /Victoria
3772,3772,52.14591,-106.646973,None,0,Osborne / Edward
4345,4345,52.078452,-106.609301,None,0,Hunter / Vic
4120,4120,52.120088,-106.64659,None,0,Clarence / 12th Street
5787,5787,52.116839,-106.629751,None,0,Main / Copland
3155,3155,52.169362,-106.586469,None,0,Konihowski / Carr
5740,5740,52.110811,-106.68906,None,0,Schuyler / Avenue M
5873,5873,52.146696,-106.58292,None,0,St. Joseph High School
4300,4300,52.101873,-106.588719,None,0,Taylor / Heritage
3810,3810,52.170357,-106.664971,None,0,Faithfull / 50th Street
3240,3240,52.143941,-106.693069,None,0,33rd Street / Howell
3973,3973,52.118666,-106.708733,None,0,Appleby / Dundurn
3277,3277,52.135597,-106.731138,None,0,Diefenbaker / Mowat
4057,4057,52.103362,-106.656869,None,0,Broadway / Hilliard
5739,5739,52.114635,-106.700494,None,0,11th Street / Avenue U
3585,3585,52.14195,-106.749576,None,0,Steeves / John A MacDonald
3008,3008,52.134767,-106.622618,None,0,108th Street / Preston
4168,4168,52.100134,-106.64924,None,0,Ruth Street / York Avenue
4450,4450,52.121596,-106.634804,None,0,Cumberland / 14th Street
5662,5662,52.127182,-106.740607,None,0,Hart / crosswalk
3349,3349,52.114667,-106.640931,None,0,8th Street / Munroe
5373,5373,52.143791,-106.662843,None,0,33rd Street / Quebec
5627,5627,52.163783,-106.675959,None,0,45th Street / Wheaton
5453,5453,52.097141,-106.656594,None,0,Broadway / Cascade
3288,3288,52.163784,-106.679119,None,0,45th Street / Hanselman
3912,3912,52.146427,-106.7389,None,0,Latrace / Wedge
3148,3148,52.162798,-106.593796,None,0,Beerling / Konihowski
3089,3089,52.126228,-106.676986,None,0,20th Street / Avenue E
4181,4181,52.110439,-106.63516,None,0,Cumberland / 3rd Street
3024,3024,52.107141,-106.67052,None,0,Lorne / Taylor
3388,3388,52.111273,-106.598788,None,0,Acadia / Parkdale
3957,3957,52.13863,-106.70067,None,0,30th Street / Avenue T
4336,4336,52.100839,-106.610713,None,0,Arlington / Louise Street
3160,3160,52.131244,-106.667555,None,0,23rd Street / Pacific
3737,3737,52.167249,-106.64202,None,0,Primrose / Coppermine
5584,5584,52.194833,-106.674635,None,0,Marquis / Idylwyld Service
5855,5855,52.10033,-106.62319,None,0,Louise / Preston
5384,5384,52.111007,-106.712503,None,0,Dudley / McLeod
3142,3142,52.129224,-106.710051,None,0,22nd Street / Witney
4179,4179,52.133593,-106.724581,None,0,Confederation / Laurier
3312,3312,52.139184,-106.652222,None,0,7th Avenue / Princess
5597,5597,52.142702,-106.622862,None,0,Preston Avenue / Reasearch
3646,3646,52.173365,-106.632566,None,0,Russell / Lenore
5773,5773,52.137306,-106.585095,None,0,Kerr / Kellough
3242,3242,52.143772,-106.713984,None,0,33rd Street / Northumberland
4464,4464,52.134733,-106.571391,None,0,Kerr / Chotem
5759,5759,52.124664,-106.675816,None,0,19th Street / Avenue D
3849,3849,52.139564,-106.718106,None,0,Massey / Northumberland
3219,3219,52.113241,-106.703223,None,0,Dudley / Avenue W
3127,3127,52.12935,-106.694349,None,0,22nd Street / Avenue P
5733,5733,52.121835,-106.71433,None,0,18th Street / Winnipeg
4187,4187,52.123622,-106.634804,None,0,Cumberland / Colony
4125,4125,52.122595,-106.64659,None,0,Clarence / 15th Street
3339,3339,52.114546,-106.651028,None,0,8th Street / Lansdowne
3157,3157,52.100133,-106.662738,None,0,Ruth Street / Wilson
3168,3168,52.13057,-106.655399,None,0,24th Street / 6th Avenue
3220,3220,52.111535,-106.673632,None,0,Kilburn / 5th Street
4361,4361,52.12132,-106.759696,None,0,McCormack / Skuce
3238,3238,52.143773,-106.698758,None,0,33rd Street / Edmonton
3659,3659,52.133271,-106.700282,None,0,Rusholme / Avenue T
3859,3859,52.116672,-106.622297,None,0,Main / Preston
5476,5476,52.086366,-106.633876,None,0,Cornish / Willis Crescent
3249,3249,52.148405,-106.678841,None,0,36th Street / Avenue G
3623,3623,52.143997,-106.598777,None,0,Central / 115th Street
5911,5911,52.134017,-106.72149,None,0,Confederation Terminal
5558,5558,52.13653,-106.659817,None,0,Queen / 2nd Avenue
5785,5785,52.14531,-106.725775,None,0,George / Wedge
3798,3798,52.108789,-106.724527,None,0,Mountbatten / Lancaster
4281,4281,52.158912,-106.597418,None,0,Kristjanson / Garvie
3999,3999,52.187503,-106.655183,None,0,60th Street / 800-Block
3373,3373,52.106421,-106.616196,None,0,Taylor / Madden
5825,5825,52.091872,-106.616862,None,0,2400 Eastview / 2700 Eastview
3231,3231,52.143777,-106.685578,None,0,33rd Street / Avenue K
3086,3086,52.090752,-106.56657,None,0,Rosewood / Ledingham Drive
3321,3321,52.114537,-106.648277,None,0,8th Street / Albert
3276,3276,52.125538,-106.663347,None,0,3rd Avenue / 20th Street
3909,3909,52.119338,-106.571623,None,0,Laurentian / Brock
4161,4161,52.12881,-106.628228,None,0,College / Field House
5828,5828,52.159839,-106.673048,None,0,Avenue C / Cynthia
3911,3911,52.116342,-106.574704,None,0,Laurentian / Boychuk
4036,4036,52.086777,-106.622774,None,0,Preston / Willis
3874,3874,52.100574,-106.610053,None,0,Louise / Arlington
3542,3542,52.125805,-106.646788,None,0,Temperance / Clarence
3975,3975,52.114776,-106.589199,None,0,8th Street / Sobey's
5449,5449,52.119978,-106.736198,None,0,Pendygrasse / Diggle
4338,4338,52.113004,-106.737176,None,0,Caen / Haida Street
4415,4415,52.128357,-106.588761,None,0,Packham / 103rd Street
5794,5794,52.129899,-106.710151,None,0,Witney / 22nd Street
3627,3627,52.100454,-106.674676,None,0,Ruth / St Patrick
5882,5882,52.098367,-106.570687,None,0,Slimmon / Boychuk
3895,3895,52.111205,-106.670299,None,0,Lorne / 4th Street
3683,3683,52.147978,-106.663458,None,0,Quebec / 36th Street
4365,4365,52.121454,-106.724594,None,0,Pendygrasse / Clancy
3419,3419,52.098409,-106.609955,None,0,East Heights / 1500-Block
3706,3706,52.17017,-106.617465,None,0,Redberry / Wathaman
4332,4332,52.131743,-106.671286,None,0,Jamieson / Avenue B
3692,3692,52.147834,-106.699656,None,0,Richardson / Davidson
3381,3381,52.118147,-106.599066,None,0,Acadia / Harrington
4166,4166,52.128959,-106.629186,None,0,College / Campus
3861,3861,52.116839,-106.625601,None,0,Main / Lake
3110,3110,52.126246,-106.701049,None,0,20th Street / Avenue T
5852,5852,52.168594,-106.626737,None,0,Pinehouse / La Ronge
3143,3143,52.130763,-106.664931,None,0,23rd Street / 1st Avenue
5363,5363,52.150121,-106.569927,None,0,Nelson Road / Heal
5710,5710,52.143938,-106.721536,None,0,33rd Street / Matheson
5426,5426,52.112887,-106.724403,None,0,Lancaster / Caen
4334,4334,52.112991,-106.730666,None,0,Caen / Rockingham Ave
4441,4441,52.17305,-106.661069,None,0,51st Street / 1st Avenue
5382,5382,52.154655,-106.663475,None,0,Quebec / 40th Street
5705,5705,52.166386,-106.555153,None,0,Baltzan Boulevard / Boykowich
4447,4447,52.155969,-106.642134,None,0,Alexandra / Rupert
5613,5613,52.104767,-106.573274,None,0,Briarwood / Boychuk
4231,4231,52.134801,-106.603862,None,0,Egbert / 106th Street
3561,3561,52.107247,-106.629135,None,0,Taylor / Morgan
3311,3311,52.139563,-106.651967,None,0,7th Avenue / Princess
3289,3289,52.141059,-106.658343,None,0,2nd Avenue / Duke
3889,3889,52.102075,-106.670267,None,0,Lorne / Adelaide
3418,3418,52.121591,-106.609119,None,0,Arlington / 14th Street
4063,4063,52.100682,-106.656872,None,0,Broadway / Ruth
3757,3757,52.119472,-106.729683,None,0,Pendygrasse / 400-Block
3445,3445,52.159427,-106.673298,None,0,Avenue C / Cynthia
5571,5571,52.11482,-106.735881,None,0,11th / Crescent Boulevard
3839,3839,52.119602,-106.75585,None,0,McCormack / Parr
5764,5764,52.143938,-106.706315,None,0,33rd / Avenue W
5567,5567,52.115238,-106.741443,None,0,Fairlight / 11th Street
4185,4185,52.114509,-106.635415,None,0,Cumberland / 8th Street
3541,3541,52.123724,-106.649994,None,0,Temperance / Colony
5908,5908,52.168056,-106.63897,None,0,Lawson Terminal I/B
3640,3640,52.100143,-106.639316,None,0,Ruth / Cairns
4083,4083,52.156844,-106.720287,None,0,Hampton Circle / Klassen
4108,4108,52.162381,-106.634413,None,0,Assiniboine / Ravine
4284,4284,52.148872,-106.717946,None,0,Junor / Ward
3078,3078,52.128968,-106.665696,None,0,1st Avenue / 22nd Street
3429,3429,52.104783,-106.609923,None,0,Arlington / Taylor
3590,3590,52.105227,-106.610022,None,0,Taylor / Arlington
4396,4396,52.151858,-106.673054,None,0,Avenue C / 38th Street
5737,5737,52.1147,-106.625636,None,0,8th Street / Grosvenor
4410,4410,52.131201,-106.59907,None,0,Central / 104th Street
3225,3225,52.143926,-106.680825,None,0,33rd Street / Avenue H
4222,4222,52.107088,-106.622822,None,0,Preston / Taylor
4018,4018,52.144556,-106.705853,None,0,Avenue W / Byers
5667,5667,52.083894,-106.633658,None,0,Gordon / Baillie
4460,4460,52.139456,-106.579685,None,0,Berini / Rogers
3088,3088,52.126052,-106.674858,None,0,20th Street / Avenue D
5715,5715,52.137302,-106.694227,None,0,Avenue P / 29th Street
3175,3175,52.132115,-106.654491,None,0,25th Street / 6th Avenue
3274,3274,52.153293,-106.663221,None,0,Quebec / 39th Street
4035,4035,52.123126,-106.580057,None,0,Boychuk / Waterloo
3931,3931,52.091507,-106.578404,None,0,Kingsmere / Bronson
3315,3315,52.113221,-106.618824,None,0,7th Street / Early
5748,5748,52.122706,-106.574953,None,0,Boychuk / Brandon
3147,3147,52.130771,-106.675158,None,0,23rd Street / Avenue D
5654,5654,52.143961,-106.666261,None,0,Ontario / 33rd Street
3323,3323,52.114696,-106.610512,None,0,8th Street / Arlington
3546,3546,52.122974,-106.650618,None,0,Temperance / 15th Street
3342,3342,52.11486,-106.631132,None,0,8th Street / Louise
4180,4180,52.119597,-106.634804,None,0,Cumberland / 12th Street
3275,3275,52.125129,-106.663823,None,0,3rd  / 20th
5589,5589,52.192316,-106.677996,None,0,Apex / Thatcher
5676,5676,52.095128,-106.646525,None,0,Clarence / Wilson
4433,4433,52.143764,-106.653386,None,0,33rd Street / 6th Avenue
3123,3123,52.126059,-106.667362,None,0,20th Street / Sears
4006,4006,52.164452,-106.647929,None,0,Millar / 46th Street
4141,4141,52.124001,-106.646334,None,0,Clarence / Colony
3239,3239,52.143776,-106.688614,None,0,33rd Street / Faulkner
4391,4391,52.108595,-106.705379,None,0,Fletcher / 1300-Block
3439,3439,52.161289,-106.643425,None,0,Assiniboine / St Lawrence
4431,4431,52.137145,-106.683229,None,0,29th Street / Avenue I
5902,5902,52.130212,-106.662823,None,0,Downtown Terminal East
5554,5554,52.079056,-106.615864,None,0,Vic / Assaly
4445,4445,52.155941,-106.645937,None,0,Rupert / 100-Block
5563,5563,52.110916,-106.729275,None,0,Ortona / Crerar
4043,4043,52.11956,-106.656872,None,0,Broadway / 12th Street
4251,4251,52.124518,-106.722116,None,0,Fairmont / Forrester
5408,5408,52.156979,-106.681931,None,0,Robin / Robin Way
4289,4289,52.141422,-106.55757,None,0,Muzyka / Stensrud
3900,3900,52.168161,-106.575743,None,0,Evergreen / Wyant
3405,3405,52.150935,-106.644887,None,0,Alexandra / 1600-Block
3818,3818,52.101622,-106.590132,None,0,McKercher / Taylor
Confederation,None,52.1339,-106.7215,1,0,Confederation Hub
5405,5405,52.163567,-106.679466,None,0,Hanselman / 45th Street
4061,4061,52.116443,-106.656871,None,0,Broadway / Main
5880,5880,52.104391,-106.57504,None,0,Heritage / Heritage Green
3132,3132,52.1292,-106.700647,None,0,22nd Street / Avenue T
3808,3808,52.177771,-106.646321,None,0,Millar / Molaro
3038,3038,52.114628,-106.703413,None,0,11th Street / Avenue W
3442,3442,52.152866,-106.67331,None,0,Avenue C / 39th Street
3884,3884,52.107579,-106.670283,None,0,Lorne / Taylor
3875,3875,52.100159,-106.614732,None,0,Louise / East Center
4352,4352,52.143636,-106.591455,None,0,Dunlop / 115th Street
5835,5835,52.129174,-106.680521,None,0,22nd Street / Avenue H
3128,3128,52.129156,-106.693923,None,0,22nd Street / Avenue P
3696,3696,52.152572,-106.592612,None,0,Rever / Fairbrother
4005,4005,52.144103,-106.705597,None,0,Avenue W / 33rd Street
3745,3745,52.108438,-106.739793,None,0,Dieppe / Simonds
3644,3644,52.177891,-106.633176,None,0,Russell / Meilicke
4053,4053,52.114389,-106.656885,None,0,Broadway / 8th Street
3457,3457,52.147776,-106.557382,None,0,Stensrud / Willowgrove
4321,4321,52.146122,-106.73403,None,0,Wedge / Manning
4054,4054,52.126584,-106.722996,None,0,Fairmont /Camponi exit
3258,3258,52.15069,-106.726618,None,0,37th Street / Sumner
3017,3017,52.129333,-106.689254,None,0,22nd Street / Avenue M
3330,3330,52.114546,-106.653765,None,0,8th Street / Dufferin
3997,3997,52.163786,-106.625926,None,0,Assinibone / Nahanni
5642,5642,52.156007,-106.684896,None,0,Robin / Saskatoon Inn
4451,4451,52.1336,-106.563676,None,0,Kenderdine / Horlick
4078,4078,52.130778,-106.628651,None,0,Campus / N.R.C. Place
3223,3223,52.14376,-106.677973,None,0,33rd Street / Avenue F
5434,5434,52.100963,-106.606947,None,0,Louise / Louise
4438,4438,52.137373,-106.697514,None,0,Avenue R / 29th Street
4145,4145,52.105074,-106.646632,None,0,Clarence / Isabella
3733,3733,52.168868,-106.634753,None,0,Primrose / Civic Center
5862,5862,52.125471,-106.733726,None,0,Fairlight / McCormack
4031,4031,52.123129,-106.576193,None,0,Boychuk / Laval
3669,3669,52.133294,-106.685018,None,0,Rusholme / Avenue J
5819,5819,52.097477,-106.609694,None,0,Arlington / 1700 East Heights
5798,5798,52.13699,-106.707956,None,0,29th Street / Avenue X
5817,5817,52.093577,-106.610602,None,0,2300 Easthill / 2000 Easthill
4189,4189,52.120041,-106.634549,None,0,Cumberland / Garrison
3357,3357,52.114536,-106.662033,None,0,8th Street / Victoria
4109,4109,52.107218,-106.568418,None,0,Briarvale / Briarvale Bay
4177,4177,52.136349,-106.725947,None,0,Confederation / Milton
3100,3100,52.12626,-106.687557,None,0,20th Street / Avenue L
5483,5483,52.08358,-106.635423,None,0,Galloway / Stonebridge
4234,4234,52.136347,-106.604117,None,0,Egbert / 108th Street
4195,4195,52.169402,-106.586722,None,0,Konihowski / Bourgonje
3072,3072,52.123633,-106.663361,None,0,19th Street / 3rd Avenue
3087,3087,52.126219,-106.675369,None,0,20th Street / Avenue D
3586,3586,52.129871,-106.659975,None,0,23rd Street / 4th Avenue
3551,3551,52.150488,-106.705674,None,0,37th Street / Avenue W
4150,4150,52.100421,-106.646377,None,0,Clarence / Ruth
4091,4091,52.132386,-106.74668,None,0,Centennial / Lisgar
4287,4287,52.125906,-106.667479,None,0,20th Street / 1st Avenue
3939,3939,52.09688,-106.599025,None,0,Kingsmere / Crean
3158,3158,52.130938,-106.672023,None,0,23rd Street / Avenue B
3118,3118,52.126412,-106.710146,None,0,Witney / 20th Street
3169,3169,52.129043,-106.65642,None,0,23rd Street / Spadina
3393,3393,52.18745,-106.623704,None,0,Adilman / Benesh
3374,3374,52.123316,-106.591134,None,0,Acadia / Campion
3549,3549,52.147208,-106.714227,None,0,Richardson / Catherwood
3694,3694,52.155154,-106.592851,None,0,Rever / Konihowski
3952,3952,52.142205,-106.743206,None,0,J A MacDonald / McCully
4228,4228,52.131656,-106.60412,None,0,Egbert / 104th Street
4374,4374,52.142595,-106.625711,None,0,Research / Resources
3951,3951,52.142218,-106.73712,None,0,J A MacDonald / Dominion
3091,3091,52.126246,-106.678432,None,0,20th Street / Avenue F
5592,5592,52.202142,-106.640837,None,0,71st Street / Case New Holland
5856,5856,52.100304,-106.6338,None,0,Ruth / Cantlon
3491,3491,52.11295,-106.686608,None,0,Avenue K / Dudley
4192,4192,52.125638,-106.634803,None,0,Cumberland / Temperance
4223,4223,52.09961,-106.592063,None,0,McKercher  / Stillwater
3136,3136,52.129206,-106.707058,None,0,22nd Street / Avenue X
3327,3327,52.114702,-106.646715,None,0,8th Street / Clarence
5774,5774,52.149952,-106.572119,None,0,Nelson / Heath
5355,5355,52.106025,-106.615029,None,0,Taylor / McEown
5754,5754,52.124493,-106.675903,None,0,19th Street / Avenue D
3735,3735,52.167427,-106.642171,None,0,Primrose / Coppermine
3888,3888,52.103804,-106.670268,None,0,Lorne / Hilliard
3983,3983,52.107231,-106.670229,None,0,Taylor Street / Lorne
3477,3477,52.151294,-106.663459,None,0,Quebec / 38th Street
3313,3313,52.112932,-106.609238,None,0,Arlington / 7th Street
3823,3823,52.104572,-106.588215,None,0,McKercher / Heritage
4357,4357,52.096186,-106.67066,None,0,Lorne / WDM entrance
3732,3732,52.168294,-106.635505,None,0,Primrose / Ravine
5616,5616,52.107193,-106.559477,None,0,Briarwood / Beechdale
3787,3787,52.134289,-106.634092,None,0,Innovation / Campus
3441,3441,52.161058,-106.645469,None,0,Assiniboine / Warman
4196,4196,52.118295,-106.575467,None,0,Degeer / Boychuk
3710,3710,52.196427,-106.643163,None,0,66th Street / Mitchelmore
4314,4314,52.142423,-106.670087,None,0,Idylwyld / 32nd Street
4293,4293,52.153072,-106.646973,None,0,Rupert / Hazen
4117,4117,52.121575,-106.723573,None,0,Clancy / Pendygrasse
3268,3268,52.15168,-106.679368,None,0,38th Street / Avenue G
4380,4380,52.175596,-106.657294,None,0,Miners / 2900-Block
4212,4212,52.108829,-106.736064,None,0,Dieppe / Haida
5631,5631,52.154583,-106.729021,None,0,West Hampton / Hargreaves
3021,3021,52.143736,-106.59462,None,0,115th Street / Prairie
3193,3193,52.137164,-106.705945,None,0,Avenue W / 29th Street
3202,3202,52.134858,-106.661014,None,0,2nd Avenue / 26th Street
3719,3719,52.085645,-106.623767,None,0,Stonebridge Mall
3634,3634,52.100143,-106.636467,None,0,Ruth / Ewart
3447,3447,52.143946,-106.724964,None,0,33rd Street / West Portal
3547,3547,52.122799,-106.651043,None,0,Temperance / 15th Street
3626,3626,52.100143,-106.637984,None,0,Ruth / Wiggins
Lawson,None,52.168402,-106.638461,1,0,Lawson Hub
4082,4082,52.156937,-106.715465,None,0,Hampton Circle / Henick
5829,5829,52.161924,-106.674087,None,0,Avenue C / Pakwa
3657,3657,52.133269,-106.705459,None,0,Rusholme / Avenue W
4210,4210,52.136848,-106.742645,None,0,Diefenbaker / Vanier
4216,4216,52.191736,-106.646073,None,0,64th Street / Millar
3819,3819,52.109474,-106.586864,None,0,McKercher / Tait
3104,3104,52.126261,-106.692432,None,0,20th Street / Avenue O
3841,3841,52.12431,-106.744483,None,0,McCormack / Heise
5603,5603,52.142966,-106.567237,None,0,Kenderdine / Vincent
3865,3865,52.118651,-106.61495,None,0,Main / Bateman
5743,5743,52.124502,-106.677845,None,0,19th Street / Avenue F
3352,3352,52.114869,-106.622921,None,0,8th Street / Preston
3485,3485,52.191475,-106.646629,None,0,Millar / 64th Street
4131,4131,52.111623,-106.646604,None,0,Clarence / 5th Street
5371,5371,52.147231,-106.575206,None,0,Lowe / Ludlow
3241,3241,52.143928,-106.670681,None,0,33rd Street / Idylwyld
3526,3526,52.143495,-106.726035,None,0,Confederation / 33rd Street
4190,4190,52.116498,-106.634791,None,0,Cumberland / Main
3629,3629,52.111685,-106.586852,None,0,McKercher / Tait Crescent
5466,5466,52.098991,-106.622826,None,0,Preston / 2400-Block
4188,4188,52.124075,-106.634548,None,0,Cumberland / Colony
3402,3402,52.151943,-106.644533,None,0,Alexandra / Hazen
5452,5452,52.100678,-106.55965,None,0,Pawlychenko / Slimmon
3164,3164,52.130544,-106.663699,None,0,23rd Street / 2nd Avenue
4058,4058,52.103387,-106.65661,None,0,Broadway / Hilliard
3545,3545,52.125269,-106.648419,None,0,Temperance / 17th Street
5869,5869,52.149956,-106.578577,None,0,Centennial Collegiate
3652,3652,52.12902,-106.710405,None,0,Witney / 22nd Street
3470,3470,52.121314,-106.681564,None,0,Avenue H / 17th Street
4008,4008,52.168362,-106.646862,None,0,Millar / 48th Street
3264,3264,52.147102,-106.703784,None,0,Richardson / Hnatyshyn
3124,3124,52.122627,-106.739006,None,0,Fairlight  / 3600 Block
3639,3639,52.10031,-106.640068,None,0,Ruth / Cairns
3230,3230,52.143777,-106.684173,None,0,33rd Street / Avenue J
3310,3310,52.137676,-106.652222,None,0,7th Avenue / King
5820,5820,52.099095,-106.609692,None,0,Arlington / 1500 East Heights
4247,4247,52.126734,-106.729183,None,0,Fairlight / Diefenbaker
3337,3337,52.114824,-106.637003,None,0,8th Street / Ewart
4282,4282,52.150693,-106.721567,None,0,37th Street / Nixon
3069,3069,52.12782,-106.723496,None,0,Fairlight / Fairmont
3260,3260,52.150368,-106.703844,None,0,37th Street / Hnatyshyn
4414,4414,52.130131,-106.598204,None,0,103rd Street / Central
3645,3645,52.178196,-106.632934,None,0,Russell / Meilicke
5844,5844,52.169279,-106.690798,None,0,Airport Station
4241,4241,52.143665,-106.604084,None,0,Egbert / 115th Street
3377,3377,52.120062,-106.599065,None,0,Acadia / Cronkite
4142,4142,52.123604,-106.64659,None,0,Clarence / Colony
3028,3028,52.10165,-106.670517,None,0,Lorne / Adelaide
4237,4237,52.139455,-106.604101,None,0,Egbert / 111th Street
5885,5885,52.102067,-106.567251,None,0,Herold / Pawlychenko
3176,3176,52.132374,-106.654917,None,0,25th Street / 6th Avenue
5714,5714,52.144139,-106.698748,None,0,Edmonton / 1800 Block
4382,4382,52.17306,-106.657435,None,0,51st Street / Miners
5568,5568,52.113292,-106.724156,None,0,Lancaster / Caen
3228,3228,52.143778,-106.682755,None,0,33rd Street / Avenue I
4198,4198,52.118411,-106.586869,None,0,McKercher / DeGeer
5876,5876,52.129336,-106.681806,None,0,22nd Street / Avenue H
5344,5344,52.149406,-106.575407,None,0,Lowe / Nelson
5564,5564,52.111377,-106.725159,None,0,Ortona / Lancaster
4039,4039,52.109689,-106.569076,None,0,Briarvale / Briarwood
4363,4363,52.136291,-106.560537,None,0,Kenderdine / Stodola
4200,4200,52.134099,-106.729434,None,0,Diefenbaker / Centennial
4032,4032,52.107247,-106.630666,None,0,Taylor / Louise
4480,4480,52.148797,-106.646051,None,0,Windsor / Edward
5392,5392,52.129672,-106.628725,None,0,Campus / Campus
5840,5840,52.156824,-106.686957,None,0,Airport / 2100 Block
5758,5758,52.12462,-106.672312,None,0,19th Street / Avenue B
5901,5901,52.130257,-106.662063,None,0,Downtown Terminal West
3366,3366,52.12314,-106.589928,None,0,Acadia / 100-Block
5557,5557,52.114621,-106.601286,None,0,8th Street / Indigo Books
3144,3144,52.130938,-106.673598,None,0,23rd Street / Avenue C
3747,3747,52.121622,-106.622834,None,0,Preston / 14th Street
5893,5893,52.173348,-106.628357,None,0,Lenore / Roborecki
4009,4009,52.170455,-106.646292,None,0,Millar / 50th Street
3582,3582,52.098976,-106.588135,None,0,Stillwater / Kenosee
3759,3759,52.119724,-106.724848,None,0,Pendygrasse / Terra Rosa
3533,3533,52.121304,-106.711518,None,0,Wardlow / Appleby
5590,5590,52.194455,-106.67772,None,0,Thatcher / Marquis
3116,3116,52.128937,-106.71015,None,0,Witney / 22nd Street
3076,3076,52.129169,-106.665305,None,0,1st Avenue / 22nd Street
3583,3583,52.139064,-106.749571,None,0,Steeves / Whelan
5606,5606,52.093312,-106.62636,None,0,Wilson / Deborah
3915,3915,52.121688,-106.651369,None,0,Lansdowne / 14th Street
3685,3685,52.148279,-106.69916,None,0,Richardson / Cole
3031,3031,52.114437,-106.694195,None,0,Avenue P / 11th Street
5742,5742,52.129726,-106.629133,None,0,Campus / Campus
3513,3513,52.095,-106.655577,None,0,Wilson / Broadway
3523,3523,52.141176,-106.65808,None,0,2nd Avenue / Duke
3022,3022,52.143898,-106.59464,None,0,115th Street / Vickies
3120,3120,52.11983,-106.741468,None,0,Fairlight / Pendygrasse
5546,5546,52.108429,-106.710062,None,0,Fletcher/ Jonathan
4071,4071,52.150567,-106.714032,None,0,37th Street / Peterson
5812,5812,52.093303,-106.629249,None,0,Wilson / Riel
5643,5643,52.156718,-106.681361,None,0,Robin / Robin Way
3790,3790,52.098534,-106.572711,None,0,Nemeiben / Emmeline
3483,3483,52.150218,-106.682134,None,0,Avenue I / Howell
3510,3510,52.093474,-106.634398,None,0,Wilson / Cumberland
5581,5581,52.191994,-106.670348,None,0,Idylwyld Service / 3600-Block
3721,3721,52.136521,-106.652236,None,0,Queen / 7th Avenue
3435,3435,52.164072,-106.619767,None,0,Assiniboine / Rainy
3903,3903,52.176823,-106.612607,None,0,Lenore / Silverwood
5362,5362,52.120038,-106.76074,None,0,McCormack / Kinloch
5725,5725,52.143768,-106.721331,None,0,33rd Street / Matheson
4060,4060,52.105625,-106.65661,None,0,Broadway / Isabella
3064,3064,52.11851,-106.683179,None,0,15th Street / Avenue I
4102,4102,52.138834,-106.598809,None,0,Central / 110th Street
5753,5753,52.114425,-106.686349,None,0,Avenue K / 11th Street
3807,3807,52.133905,-106.666183,None,0,25th Street / Ontario
4023,4023,52.153457,-106.70155,None,0,Richardson / Lehrer
3163,3163,52.13146,-106.669672,None,0,23rd Street / Wall
4485,4485,52.087369,-106.650629,None,0,Brand / Brand Place
3101,3101,52.126262,-106.689013,None,0,20th Street / Avenue M
3691,3691,52.146945,-106.703089,None,0,Richardson / Hnatyshyn
3130,3130,52.101377,-106.557664,None,0,Taylor / Slimmon
3991,3991,52.138004,-106.632475,None,0,Canadian Light Source
3591,3591,52.180767,-106.619532,None,0,Silverwood / Whiteswan
4123,4123,52.121605,-106.64659,None,0,Clarence / 14th Street
4358,4358,52.145912,-106.598776,None,0,Central / 116th Street
3446,3446,52.161259,-106.674222,None,0,Avenue C / Haskamp
5401,5401,52.16369,-106.68749,None,0,Airport Drive / 45th Street
4169,4169,52.131799,-106.723203,None,0,Confederation / Mall Exit
5732,5732,52.125798,-106.714905,None,0,Winnipeg / 20th Street
3701,3701,52.149365,-106.602249,None,0,Reid / Reid
5556,5556,52.114783,-106.601286,None,0,8th Street / JYSK Store
5845,5845,52.104582,-106.598581,None,0,Taylor / Acadia
4172,4172,52.114885,-106.611505,None,0,8th Street / Arlington
5416,5416,52.16348,-106.664984,None,0,Faithfull / 45th Street
3083,3083,52.126192,-106.672248,None,0,20th Street / Avenue B
3481,3481,52.164626,-106.571072,None,0,Evergreen / Evergreen Boulevard
3632,3632,52.100134,-106.64262,None,0,Ruth / Haultain
3461,3461,52.196804,-106.646366,None,0,Millar / 66th Street
3415,3415,52.118658,-106.711104,None,0,Appleby / Wardlow
5815,5815,52.094074,-106.617707,None,0,Arlington / 2700 Eastview
3728,3728,52.157729,-106.663476,None,0,Quebec / Circle
3111,3111,52.126082,-106.700573,None,0,20th Street / Avenue T
3556,3556,52.10742,-106.623245,None,0,Taylor / Preston
5848,5848,52.166193,-106.622339,None,0,LaRonge / Nahanni
3440,3440,52.161484,-106.642588,None,0,Assiniboine / St Lawrence
5818,5818,52.094989,-106.611418,None,0,Arlington / 2300 Easthill
3467,3467,52.11865,-106.681364,None,0,Avenue H / 15th Street
4163,4163,52.128928,-106.641517,None,0,College / Munroe
4022,4022,52.104258,-106.588301,None,0,Heritage / McKercher
5816,5816,52.09188,-106.614338,None,0,2400 Eastview / 2500 Eastview
4020,4020,52.087991,-106.622525,None,0,Preston / Circle Drive Alliance
4133,4133,52.113076,-106.646349,None,0,Clarence / 6th Street
3538,3538,52.157919,-106.651056,None,0,Circle / Venture
5768,5768,52.148377,-106.722216,None,0,George / Kirkpatrick
3487,3487,52.116077,-106.686057,None,0,Avenue K /12th Street
3280,3280,52.128275,-106.662306,None,0,3rd Avenue / 22nd Street
5617,5617,52.108854,-106.557853,None,0,Briarwood / Beechmont
3399,3399,52.147271,-106.646235,None,0,Edward / Balmoral
5535,5535,52.155136,-106.706199,None,0,East Hampton / Denham
4239,4239,52.141889,-106.603829,None,0,Egbert / 113th Street
5826,5826,52.112611,-106.608966,None,0,Arlington / Stephenson
3346,3346,52.200049,-106.646644,None,0,Millar / 70th Street
3029,3029,52.100132,-106.670531,None,0,Lorne / Exhibition Grounds
3714,3714,52.085634,-106.612198,None,0,Hunter / Hartley
4487,4487,52.116281,-106.622817,None,0,Preston Avenue / Main Street
3820,3820,52.099467,-106.591892,None,0,McKercher / Stillwater
3020,3020,52.143905,-106.591353,None,0,115th Street / Spruce
3890,3890,52.114378,-106.67057,None,0,Lorne / 8th Street
5729,5729,52.118504,-106.708777,None,0,Appleby / Carling
3970,3970,52.10016,-106.62399,None,0,Louise / Woodward
5766,5766,52.143933,-106.714744,None,0,33rd Street / Catherwood
3904,3904,52.176652,-106.615872,None,0,Lenore / Redberry
3010,3010,52.143904,-106.599047,None,0,Central / 115th Street
5389,5389,52.110666,-106.712576,None,0,Dudley / McLeod
5498,5498,52.145496,-106.574946,None,0,Kenderdine / Perehudoff
3262,3262,52.150565,-106.697033,None,0,37th Street / Richardson
3631,3631,52.100301,-106.643329,None,0,Ruth / Haultain
3695,3695,52.15223,-106.592868,None,0,Rever / Haslam
4092,4092,52.132551,-106.734056,None,0,Centennial / McDougall
3886,3886,52.105442,-106.670268,None,0,Lorne / Isabella
4010,4010,52.100296,-106.647094,None,0,Ruth / Clarence Avenue
3972,3972,52.083319,-106.628713,None,0,Gordon / Martin
3353,3353,52.114942,-106.622567,None,0,Preston / 8th Street
4320,4320,52.150831,-106.735194,None,0,37th / Heggie Crescent
3749,3749,52.132504,-106.758728,None,0,Kensington / Centennial
4457,4457,52.135608,-106.581916,None,0,Berini / Kerr
3375,3375,52.124002,-106.595842,None,0,Acadia / Dalhousie
3500,3500,52.136736,-106.710414,None,0,Witney / 29th Street
5397,5397,52.092107,-106.563475,None,0,Rosewood / Ledingham Crescent
5332,5332,52.121946,-106.603133,None,0,14th Street / Carleton
3813,3813,52.155581,-106.596441,None,0,McWillie / Konihowski
4407,4407,52.139332,-106.593957,None,0,Gray / Fitzgerald
4327,4327,52.165953,-106.592061,None,0,Konihowski / Pobran
3605,3605,52.11478,-106.594425,None,0,8th Street / Chaben
3794,3794,52.111512,-106.593753,None,0,Moss / Parkdale
3697,3697,52.152903,-106.663474,None,0,Quebec / 39th Street
3085,3085,52.108968,-106.71196,None,0,McLeod Avenue / Fletcher
5905,5905,52.1005,-106.620884,None,0,Market Mall Terminal O/B
5431,5431,52.12766,-106.634785,None,0,Cumberland / Elliott
5907,5907,52.168415,-106.637947,None,0,Lawson Terminal O/B
3090,3090,52.126052,-106.67639,None,0,20th Street / Avenue E
3641,3641,52.175505,-106.632976,None,0,Russell / Thain
4090,4090,52.132335,-106.739687,None,0,Centennial / Tache
4044,4044,52.10894,-106.656884,None,0,Broadway / 2nd Street
3401,3401,52.153877,-106.642503,None,0,Alexandra / Eddy
3189,3189,52.136211,-106.681198,None,0,Avenue H / 28th Street
3864,3864,52.116673,-106.627416,None,0,Main / Garrison
4105,4105,52.14049,-106.599049,None,0,Central / 112th Street
5711,5711,52.141431,-106.722072,None,0,Matheson / Maxwell
4074,4074,52.127464,-106.723261,None,0,Fairmont / Fairlight
5744,5744,52.11812,-106.586479,None,0,DeGeer / McKercher
3800,3800,52.108274,-106.729299,None,0,Mountbatten / Crerar
4154,4154,52.126897,-106.646599,None,0,Clarence / University Drive
3403,3403,52.152212,-106.643922,None,0,Alexandra / Hazen
3126,3126,52.128571,-106.662292,None,0,22nd Street / 3rd Avenue
4176,4176,52.139365,-106.726447,None,0,Confederation / Massey
4348,4348,52.107249,-106.622107,None,0,Taylor / Preston
3279,3279,52.127183,-106.662575,None,0,3rd Avenue / 21st Street
4130,4130,52.111244,-106.646349,None,0,Clarence / 4th Street
3486,3486,52.11493,-106.68607,None,0,Avenue K / 11th Street
3019,3019,52.143738,-106.600948,None,0,115th Street / Rayner
3302,3302,52.14418,-106.652208,None,0,7th Avenue / 33rd Street
3801,3801,52.183638,-106.657778,None,0,Miners / 58th Street
3926,3926,52.166368,-106.623044,None,0,La Ronge / Nahanni
3001,3001,52.131525,-106.599255,None,0,104th Street / Central
4104,4104,52.140869,-106.598794,None,0,Central / 112th Street
3182,3182,52.107518,-106.673776,None,0,Taylor Street / Kilburn
5454,5454,52.10038,-106.6101,None,0,Arlington / Louise
3245,3245,52.098527,-106.578127,None,0,Nemeiben / Anglin
4310,4310,52.133834,-106.670294,None,0,Idylwyld / 25th Street
5895,5895,52.144166,-106.574963,None,0,Kenderdine / Kenderdine
5456,5456,52.100141,-106.669451,None,0,Ruth / Vernon
4423,4423,52.171561,-106.635902,None,0,Cree / Cree Place
3165,3165,52.092332,-106.610639,None,0,Eastview / Easthill
4184,4184,52.111364,-106.635415,None,0,Cumberland / 5th Street
4121,4121,52.120014,-106.646334,None,0,Clarence / 12th Street
4368,4368,52.150843,-106.730475,None,0,37th / Hunt
3571,3571,52.107422,-106.626341,None,0,Taylor / Grosvenor
3233,3233,52.143941,-106.69446,None,0,33rd Street / Avenue P
5752,5752,52.124528,-106.680853,None,0,19th Street / Avenue H
5491,5491,52.170823,-106.564908,None,0,Evergreen / Manek
5383,5383,52.111407,-106.703468,None,0,Fletcher / Schuyler
3543,3543,52.125879,-106.647072,None,0,Temperance / Clarence
3263,3263,52.150339,-106.707803,None,0,37th Street / Byers
3006,3006,52.136662,-106.608287,None,0,Bryans / 108th Street
3739,3739,52.134551,-106.622866,None,0,Preston / 108th Street
5913,5913,52.099927,-106.725387,None,0,Valley Road Garage
3840,3840,52.124306,-106.750057,None,0,McCormack / Neatby
4224,4224,52.098807,-106.586796,None,0,Stillwater / Keeley
3914,3914,52.121639,-106.65111,None,0,Lansdowne / 14th Street
3877,3877,52.114611,-106.598177,None,0,8th Street / Acadia Drive
3838,3838,52.126443,-106.737253,None,0,McCormack / Postnikoff
3769,3769,52.111042,-106.598589,None,0,Parkdale / Acadia
4140,4140,52.128507,-106.646335,None,0,Clarence / College
3736,3736,52.167276,-106.63789,None,0,Primrose / Coppermine
5364,5364,52.141625,-106.694232,None,0,Avenue P / 1000-Block
3725,3725,52.136528,-106.656577,None,0,Queen / 4th Avenue
5892,5892,52.174974,-106.623021,None,0,Lenore / Charlebois
5657,5657,52.148185,-106.666248,None,0,Ontario / 36th Street
3105,3105,52.126094,-106.691949,None,0,20th Street / Avenue O
5626,5626,52.083913,-106.638487,None,0,Stonebridge / Wellman
4418,4418,52.130697,-106.587141,None,0,105th Street / Packham
3380,3380,52.109359,-106.59903,None,0,Acadia / Haight
5480,5480,52.125899,-106.639677,None,0,Luther Tower
3506,3506,52.093474,-106.635759,None,0,Wilson / MacKenzie
4434,4434,52.158152,-106.660696,None,0,1st Avenue / Circle
3053,3053,52.124068,-106.722233,None,0,Fairmont / Forrester
5846,5846,52.166327,-106.617837,None,0,LaRonge / Saguenay
3489,3489,52.117409,-106.686043,None,0,Avenue K/ /13th Street
5587,5587,52.19341,-106.684666,None,0,Bill Hunter / Marquis
4203,4203,52.136856,-106.746485,None,0,Diefenbaker / Lisgar
4097,4097,52.133366,-106.599069,None,0,Central / 105th Street
4217,4217,52.100776,-106.610377,None,0,Arlington  / Teachers Credit Union
5745,5745,52.118127,-106.583866,None,0,DeGeer / Champlin
4309,4309,52.134678,-106.578337,None,0,Kerr / Gillam
3444,3444,52.157289,-106.673297,None,0,Avenue C / Circle
3074,3074,52.126081,-106.666787,None,0,1st Avenue / 20th Street
3493,3493,52.138417,-106.694214,None,0,Avenue P / 30th Street
3873,3873,52.100159,-106.617525,None,0,Louise / East Place
3108,3108,52.126249,-106.699509,None,0,20th Street / Avenue S
4354,4354,52.150858,-106.722191,None,0,37th / Nixon
3341,3341,52.114694,-106.631019,None,0,8th Street / Louise
4183,4183,52.11178,-106.63516,None,0,Cumberland / 5th Street
3988,3988,52.126087,-106.713139,None,0,20th Street / Ottawa
5681,5681,52.086124,-106.646408,None,0,Clarence / Brand
4011,4011,52.100296,-106.650086,None,0,Ruth  / York Avenue
5806,5806,52.113223,-106.611549,None,0,7th Street / Arlington
3488,3488,52.116169,-106.685801,None,0,Avenue K / 12th Street
4149,4149,52.126987,-106.646336,None,0,Clarence / Osler
3244,3244,52.098531,-106.566884,None,0,Slimmon / Herold
4442,4442,52.128954,-106.636946,None,0,College Drive / Bottomley
5765,5765,52.143936,-106.710537,None,0,33rd Street / Avenue Y
5788,5788,52.133709,-106.710142,None,0,Witney / Rusholme
3812,3812,52.173292,-106.646321,None,0,Millar / 51st Street
3454,3454,52.144053,-106.554877,None,0,Stensrud / Keedwell
4138,4138,52.102114,-106.646377,None,0,Clarence / Adelaide
3514,3514,52.095245,-106.64794,None,0,Wilson / McAskill
4119,4119,52.117988,-106.646334,None,0,Clarence / 10th Street
3866,3866,52.118622,-106.611744,None,0,Main / Bateman
4453,4453,52.130421,-106.569936,None,0,Kenderdine / Wright
3855,3855,52.118928,-106.613092,None,0,Main / Simpson
3243,3243,52.099035,-106.562674,None,0,Slimmon / Slimmon Place
3708,3708,52.171234,-106.613987,None,0,Redberry / Tobin
4408,4408,52.138693,-106.593021,None,0,Gray / Grant
5859,5859,52.100294,-106.66538,None,0,Ruth / Melrose
5736,5736,52.122011,-106.705672,None,0,Avenue W / 18th Street
5395,5395,52.09652,-106.551516,None,0,Rosewood Gate / Werschner
3138,3138,52.129292,-106.666249,None,0,22nd Street / 1st Avenue
3301,3301,52.144051,-106.651953,None,0,7th Avenue / 33rd Street
3379,3379,52.123721,-106.59275,None,0,Acadia / Dalhousie
4055,4055,52.101734,-106.656869,None,0,Broadway / Adelaide
3803,3803,52.179992,-106.657763,None,0,Miners / 56th Street
5878,5878,52.103388,-106.582091,None,0,Heritage / Heritage
3579,3579,52.104854,-106.599516,None,0,Taylor / Acadia
3426,3426,52.100361,-106.610393,None,0,Arlington / Louise
3766,3766,52.111374,-106.594207,None,0,Parkdale / Moss
4221,4221,52.157855,-106.662981,None,0,Circle / Quebec
3830,3830,52.102092,-106.617935,None,0,McEown / Adelaide
5412,5412,52.130104,-106.662253,None,0,Downtown Terminal East 1
3509,3509,52.094685,-106.656782,None,0,Wilson / Harrison
4191,4191,52.117007,-106.634535,None,0,Cumberland / Main
4425,4425,52.144213,-106.665998,None,0,Ontario / 33rd Street
4294,4294,52.103515,-106.581751,None,0,Heritage / 1500-Block
4213,4213,52.19416,-106.669896,None,0,Idylwyld Service / Marquis Drive
3468,3468,52.119783,-106.681623,None,0,Avenue H / 16th Street
4315,4315,52.143484,-106.670351,None,0,Idylwyld / 33rd Street
3979,3979,52.113686,-106.635154,None,0,Cumberland / 7th Street
3286,3286,52.161335,-106.592519,None,0,Konihowski / Pezer
3998,3998,52.163611,-106.627658,None,0,Assiniboine / Capilano
4114,4114,52.095693,-106.666779,None,0,Jasper Avenue
4313,4313,52.139894,-106.670339,None,0,Idylwyld / 31st Street
4343,4343,52.134289,-106.634376,None,0,Innovation / Campus Drive
4094,4094,52.13239,-106.752794,None,0,Centennial / Cockburn
3285,3285,52.132984,-106.660038,None,0,3rd Avenue / 25th Street
5552,5552,52.151503,-106.724778,None,0,McClocklin / McKague
3756,3756,52.11962,-106.729442,None,0,Pendygrasse / Henigman
3131,3131,52.129366,-106.701129,None,0,22nd Street / Avenue T
3410,3410,52.148964,-106.645242,None,0,Windsor / Alexandra
3368,3368,52.107083,-106.598777,None,0,Acadia / Avondale
3858,3858,52.116839,-106.623346,None,0,Main / Preston
3261,3261,52.150666,-106.699885,None,0,37th Street / Cole
Wildwood-Centre Mall,None,52.11223,-106.598778,1,0,Wildwood-Centre Mall Hub
3817,3817,52.102215,-106.589536,None,0,McKercher / Taylor
5393,5393,52.130248,-106.628637,None,0,Campus / Gymnasium Place
3221,3221,52.143761,-106.674398,None,0,33rd Street / Avenue D
3294,3294,52.132725,-106.658321,None,0,4th Avenue / 25th Street
3194,3194,52.137154,-106.707506,None,0,29th Street / Avenue X
4015,4015,52.14551,-106.705599,None,0,Avenue W / Davidson
3871,3871,52.102358,-106.606522,None,0,Louise / Louise
5813,5813,52.093311,-106.623121,None,0,Wilson / Preston
3777,3777,52.145744,-106.648122,None,0,Osborne / 10th Avenue
4283,4283,52.144812,-106.717944,None,0,Junor / Carrothers
3593,3593,52.178573,-106.614153,None,0,Silverwood / O'Brien
4229,4229,52.133793,-106.603863,None,0,Egbert / 105th Street
5879,5879,52.1045,-106.577711,None,0,Heritage / Heritage View
4136,4136,52.115499,-106.646604,None,0,Clarence / 9th Street
3161,3161,52.130957,-106.667016,None,0,23rd Street / Pacific
4436,4436,52.140532,-106.705668,None,0,Edmonton / 31st Street
3146,3146,52.130937,-106.675272,None,0,23rd /  D
3117,3117,52.123194,-106.738292,None,0,Fairlight / 3600 Block
4235,4235,52.137818,-106.60386,None,0,Egbert / 109th Street
5533,5533,52.154131,-106.703407,None,0,East Hampton / McClocklin
3162,3162,52.131612,-106.669585,None,0,23rd Street / Wall
5912,5912,52.133927,-106.721578,None,0,Confederation Terminal
Market Mall,None,52.100329,-106.621176,1,0,Market Mall Hub
5834,5834,52.130522,-106.681384,None,0,Avenue H / 23rd Street
3355,3355,52.11486,-106.628041,None,0,8th Street / Sommerfeld
3149,3149,52.164297,-106.595001,None,0,Somers / Konihowski
3156,3156,52.169071,-106.580565,None,0,Zary Road / Sauer
4230,4230,52.13445,-106.604118,None,0,Egbert / 106th Street
3367,3367,52.123371,-106.590368,None,0,Acadia / 200-Block
3658,3658,52.133435,-106.705218,None,0,Rusholme / Avenue V
4416,4416,52.12833,-106.589065,None,0,Packham / 103rd Street
3370,3370,52.099918,-106.646642,None,0,Clarence / Ruth
4233,4233,52.136781,-106.603861,None,0,Egbert / 108th Street
4178,4178,52.135488,-106.725787,None,0,Confederation / Confederation
3601,3601,52.18724,-106.619462,None,0,Silverwood / Adilman
5413,5413,52.130158,-106.661552,None,0,Downtown Terminal West1
3768,3768,52.11118,-106.594874,None,0,Parkdale / Beurling
5409,5409,52.157014,-106.68405,None,0,Robin / Robin
3722,3722,52.136686,-106.652165,None,0,Queen / 7th Avenue
4295,4295,52.102231,-106.586588,None,0,Heritage / Heritage Lane
3740,3740,52.106081,-106.622545,None,0,Preston / Walter Murray
4004,4004,52.121417,-106.705887,None,0,Avenue W / 18th Street
3213,3213,52.113507,-106.709456,None,0,Dawes Avenue / Dudley
3992,3992,52.14892,-106.617819,None,0,Preston / Preston Crossing
3843,3843,52.125872,-106.733309,None,0,McCormack / Fairlight
4021,4021,52.150566,-106.696652,None,0,Richardson / 37th Street
4236,4236,52.139835,-106.603845,None,0,Egbert / 111th Street
3662,3662,52.133281,-106.697033,None,0,Rusholme / Avenue R
5598,5598,52.150888,-106.59206,None,0,Attridge Drive / Rever
3432,3432,52.162313,-106.640812,None,0,Assiniboine / Kootenay
3755,3755,52.168876,-106.627812,None,0,Pinehouse / La Ronge
3434,3434,52.159044,-106.687105,None,0,Airport Drive / Claypool
5663,5663,52.124495,-106.668355,None,0,19th Street / 1st Avenue
3527,3527,52.145696,-106.72674,None,0,Dundonald School
3282,3282,52.131744,-106.660378,None,0,3rd Avenue / 24th Street
3382,3382,52.118443,-106.598811,None,0,Acadia / Harrington
3860,3860,52.118642,-106.615616,None,0,Main / Moxon
3354,3354,52.114709,-106.627533,None,0,8th Street / Sommerfeld
5868,5868,52.149567,-106.575597,None,0,Nelson / Lowe
5669,5669,52.082725,-106.624818,None,0,Stonebridge Common / Gordon
5755,5755,52.12445,-106.671479,None,0,Farmers' Market
3255,3255,52.150667,-106.735047,None,0,37th Street / Heggie
3917,3917,52.120671,-106.651369,None,0,Lansdowne / 13th Street
5807,5807,52.113224,-106.614308,None,0,7th Street / Goodwin
3389,3389,52.12169,-106.598808,None,0,Acadia / Summers
4028,4028,52.20082,-106.630818,None,0,Arthur Rose / Day
3932,3932,52.091496,-106.574505,None,0,Kingsmere / Brightwater
4062,4062,52.117065,-106.656613,None,0,Broadway / Main
5866,5866,52.172908,-106.655004,None,0,51st Street / Wentz
4244,4244,52.109871,-106.741525,None,0,Elevator / Ortona
3796,3796,52.11351,-106.594007,None,0,Moss / 8th Street
3630,3630,52.100455,-106.676888,None,0,Ruth / Herman
5864,5864,52.111673,-106.725189,None,0,Lancaster / Ortona
3417,3417,52.121712,-106.608864,None,0,Arlington / 14th Street
5585,5585,52.194671,-106.676302,None,0,Marquis / Costco
3344,3344,52.114702,-106.667975,None,0,8th Street / McPherson
4291,4291,52.141506,-106.549755,None,0,Muzyka / Kershaw Park
3806,3806,52.093304,-106.634546,None,0,Wilson / Cumberland
3902,3902,52.17061,-106.569337,None,0,Evergreen / Kloppenburg
5524,5524,52.089051,-106.667884,None,0,Melville / Actionwear
3106,3106,52.12625,-106.696389,None,0,20th Street / Avenue Q
4164,4164,52.197352,-106.639287,None,0,Marquis Drive / Kochar
4387,4387,52.113424,-106.565929,None,0,Briargate / Braeside
3995,3995,52.157444,-106.687031,None,0,Airport Drive / 2100-block
5875,5875,52.110895,-106.587116,None,0,McKercher / Parkdale
5750,5750,52.148417,-106.672793,None,0,36th Street / Avenue C
4333,4333,52.131873,-106.671045,None,0,Jamieson / Idylwyld
3153,3153,52.163576,-106.597357,None,0,Somers / Kristjanson
5370,5370,52.119854,-106.733569,None,0,Pendygrasse / Peeling
3968,3968,52.129172,-106.688363,None,0,22nd Street / Avenue M
3529,3529,52.093424,-106.583434,None,0,Waterbury / Kingsmere
5468,5468,52.093068,-106.622829,None,0,Preston / Wilson
3154,3154,52.130927,-106.681077,None,0,23rd Street / Avenue H
4349,4349,52.113054,-106.614272,None,0,7th Street / Conn
4397,4397,52.151513,-106.681582,None,0,38th Street / Avenue I
5832,5832,52.129704,-106.68112,None,0,Avenue H / 22nd Street
3665,3665,52.133293,-106.688423,None,0,Rusholme / Avenue M
3804,3804,52.172883,-106.664291,None,0,51st Street / Faithfull
4069,4069,52.119812,-106.741731,None,0,Fairlight / McCormack
3152,3152,52.161124,-106.597416,None,0,Kristjanson / 800-Block
4186,4186,52.115258,-106.63516,None,0,Cumberland / 8th Street
3511,3511,52.095564,-106.651438,None,0,Wilson / Clare
3503,3503,52.15041,-106.713337,None,0,37th Street / Peterson
4134,4134,52.114371,-106.646604,None,0,Clarence / 8th Street
5684,5684,52.084065,-106.639625,None,0,Stonebridge / Cope
5656,5656,52.145857,-106.665984,None,0,Ontario / 34th Street
5877,5877,52.107794,-106.58712,None,0,McKercher / Holland
5872,5872,52.140508,-106.574998,None,0,Kenderdine / Rogers
4362,4362,52.130907,-106.722522,None,0,Confederation / CT gasbar
5728,5728,52.108216,-106.60897,None,0,Arlington / Early
3129,3129,52.102867,-106.566899,None,0,Taylor Street / Herold
3460,3460,52.191736,-106.640824,None,0,Kochar / Mitchell Foods
3466,3466,52.085477,-106.642061,None,0,Cope / Terminus
5593,5593,52.103539,-106.596043,None,0,Kingsmere / Taylor
3222,3222,52.143928,-106.674554,None,0,33rd Street / Avenue D
4048,4048,52.110846,-106.656884,None,0,Broadway / 4th Street
5822,5822,52.093473,-106.623383,None,0,Wilson / Preston
4215,4215,52.113217,-106.622337,None,0,7th / Preston Ave
3704,3704,52.148114,-106.599228,None,0,Reid / Central
3257,3257,52.150665,-106.738707,None,0,37th Street / Latrace
3499,3499,52.112994,-106.693939,None,0,Avenue P / Dudley
5757,5757,52.120205,-106.587046,None,0,McKercher / Mount Allison
3328,3328,52.114713,-106.635032,None,0,8th Street / Cumberland
3948,3948,52.141805,-106.726251,None,0,Confederation / J A MacDonald
3011,3011,52.143738,-106.598749,None,0,115th Street / Central
4220,4220,52.157911,-106.660143,None,0,Circle / 1st Avenue
3051,3051,52.119708,-106.655936,None,0,12th Street / 5 Corners EB
3913,3913,52.147935,-106.738916,None,0,Latrace / Murray
5890,5890,52.147599,-106.574928,None,0,Lowe / Ludlow
4127,4127,52.108959,-106.646618,None,0,Clarence / 2nd Street
5595,5595,52.151248,-106.592615,None,0,Rever Road / Attridge
4344,4344,52.121666,-106.681266,None,0,Avenue H / 17th Street
5867,5867,52.154111,-106.557443,None,0,Stensrud / Paton
5391,5391,52.129116,-106.631879,None,0,Campus / Kinesiology
5797,5797,52.13699,-106.709709,None,0,29th Street / Witney
3775,3775,52.145753,-106.651755,None,0,Osborne / 7th Avenue
3300,3300,52.186951,-106.657778,None,0,Miners / 60th Street
4014,4014,52.126055,-106.70594,None,0,Avenue W / 20th Street
5490,5490,52.096025,-106.670223,None,0,Lorne / WDM
5404,5404,52.163937,-106.674819,None,0,45th Street / Avenue C
5537,5537,52.155205,-106.710947,None,0,East Hampton / Coad Manor
3851,3851,52.13984,-106.72226,None,0,Massey / Matheson
5473,5473,52.097202,-106.622564,None,0,Preston / East
5458,5458,52.120504,-106.574767,None,0,Laurentian / Boychuk
3209,3209,52.136188,-106.660371,None,0,2nd Avenue / Queen
3179,3179,52.10751,-106.670754,None,0,Taylor Street / Lorne
3197,3197,52.114672,-106.741282,None,0,11th Street / Elevator
3235,3235,52.14377,-106.705441,None,0,33rd Street / Avenue W
4318,4318,52.133815,-106.665409,None,0,25th Street / Ontario
3077,3077,52.126979,-106.666632,None,0,1st Avenue / 21st Street
5747,5747,52.120908,-106.574956,None,0,Boychuk / Laurentian
3726,3726,52.136695,-106.657003,None,0,Queen / 4th Avenue
5599,5599,52.15105,-106.593375,None,0,Attridge / Rever Road
3071,3071,52.122061,-106.714653,None,0,Winnipeg / 18th Street
3689,3689,52.150297,-106.696905,None,0,Richardson / 37th Street
4208,4208,52.136853,-106.74917,None,0,Diefenbaker / Steeves
4325,4325,52.137202,-106.670082,None,0,Idylwyld / 29th Street
5803,5803,52.098137,-106.551512,None,0,Rosewood Gate / Hastings
5519,5519,52.094542,-106.622566,None,0,Preston / Arlington
3356,3356,52.104875,-106.677379,None,0,Herman / Isabella
3416,3416,52.09537,-106.644222,None,0,Wilson / Ferguson
3715,3715,52.086111,-106.615932,None,0,Hunter / Rempel
4045,4045,52.109013,-106.656626,None,0,Broadway / 2nd Street
3938,3938,52.092966,-106.596505,None,0,Kingsmere / Delaronde
3754,3754,52.169636,-106.634057,None,0,Pinehouse / Primrose
5811,5811,52.093475,-106.637333,None,0,Wilson / MacLean
3036,3036,52.114629,-106.699329,None,0,11th Street / Avenue T
3901,3901,52.170604,-106.573167,None,0,Evergreen / Salloum
3347,3347,52.198332,-106.646644,None,0,Millar / 68th Street
5680,5680,52.092702,-106.646627,None,0,Clarence / Glasgow
3431,3431,52.16409,-106.62044,None,0,Assiniboine / Huron
3927,3927,52.167044,-106.62672,None,0,La Ronge / Bethany Manor
3554,3554,52.10706,-106.619507,None,0,Taylor / Salisbury
4395,4395,52.151669,-106.676404,None,0,38th Street / Avenue E
3409,3409,52.149047,-106.644887,None,0,Alexandra / Windsor
3034,3034,52.114639,-106.696606,None,0,11th Street / Avenue R
5891,5891,52.176473,-106.618167,None,0,Marion Graham High School
4379,4379,52.140394,-106.625395,None,0,Resources / Innovation
3532,3532,52.161343,-106.645679,None,0,Warman / Assiniboine
3686,3686,52.093216,-106.583725,None,0,Kingsmere / Brightsand
3607,3607,52.110803,-106.687032,None,0,Schuyler / Avenue L
3303,3303,52.142746,-106.651967,None,0,7th Avenue / Duchess
5679,5679,52.092891,-106.646365,None,0,Clarence / Glasgow
5791,5791,52.114807,-106.575856,None,0,8th Street / Boychuk
3795,3795,52.113168,-106.593752,None,0,Moss / Elim Lodge
3423,3423,52.110769,-106.608982,None,0,Arlington / Clark
3762,3762,52.120057,-106.740846,None,0,Pendygrasse / Fairlight
5531,5531,52.079545,-106.63277,None,0,Galloway / McIntosh
4484,4484,52.086762,-106.647254,None,0,Brand / Clarence
3190,3190,52.137152,-106.687041,None,0,29th Street / Avenue L
4072,4072,52.113017,-106.741374,None,0,Caen / Elevator
4326,4326,52.140311,-106.670084,None,0,Idylwyld / 31st Street
3638,3638,52.100134,-106.646221,None,0,Ruth / Clarence
3530,3530,52.095097,-106.580881,None,0,Waterbury / Emmeline
4155,4155,52.125755,-106.646599,None,0,Clarence / Temperance
5428,5428,52.178956,-106.629188,None,0,Melilcke / David Knight
3232,3232,52.143943,-106.687522,None,0,33rd Street / Avenue L
3112,3112,52.126248,-106.702758,None,0,20th Street / Avenue U
5660,5660,52.125399,-106.755322,None,0,Hart / Shillington
5896,5896,52.107233,-106.66188,None,0,Taylor / Victoria
3524,3524,52.146281,-106.735565,None,0,Wedge / Nesbitt
5562,5562,52.110335,-106.736309,None,0,Haida / Ortona
3174,3174,52.132679,-106.656633,None,0,25th Street / 5th Avenue
4129,4129,52.14901,-106.697131,None,0,Richardson / Glenwood
3688,3688,52.100295,-106.657208,None,0,Ruth  / Broadway Avenue
3172,3172,52.132772,-106.658066,None,0,25th Street / 4th Avenue
3773,3773,52.14592,-106.649938,None,0,Osborne / 9th Avenue
3512,3512,52.096535,-106.660313,None,0,Wilson / Cascade
5898,5898,52.130445,-106.662852,None,0,Pharmasave
3690,3690,52.146925,-106.705302,None,0,Richardson / Avenue W
3371,3371,52.115973,-106.599054,None,0,Acadia / Ramsay
5618,5618,52.110869,-106.559703,None,0,Briarwood / Beechmont
4412,4412,52.129086,-106.59232,None,0,103rd Street / Jessop
3776,3776,52.14592,-106.651755,None,0,Osborne / 7th Avenue
4337,4337,52.100295,-106.662432,None,0,Ruth  / Victoria Ave
5432,5432,52.103067,-106.610025,None,0,Louise / Arlington
4375,4375,52.140474,-106.625653,None,0,Resources / Innovation
3531,3531,52.161289,-106.645937,None,0,Warman / Assiniboine
4446,4446,52.155645,-106.646406,None,0,Rupert / 100-Block
University-Place Riel,None,52.13059,-106.6368,1,0,University-Place Riel Hub
5372,5372,52.143961,-106.663763,None,0,33rd Street / Quebec
4265,4265,52.147,-106.71095,None,0,Richardson / Walker
4458,4458,52.13754,-106.57973,None,0,Berini / 400-Block
3765,3765,52.119838,-106.736647,None,0,Pendygrasse / Barber
5406,5406,52.16132,-106.679479,None,0,Hanselman / Haskamp
3935,3935,52.138628,-106.703927,None,0,30th Street / Avenue V
4019,4019,52.146685,-106.705855,None,0,Avenue W / Richardson
5435,5435,52.100731,-106.610143,None,0,Louise / Arlington
3984,3984,52.086823,-106.659715,None,0,Melville / Portage
3292,3292,52.131051,-106.659143,None,0,4th Avenue / 24th Street
3062,3062,52.121794,-106.603177,None,0,14th Street / Spinks
3867,3867,52.118455,-106.609759,None,0,Main / Arlington
4371,4371,52.11548,-106.656871,None,0,Broadway / 9th Street
3250,3250,52.148404,-106.68175,None,0,36th Street / Avenue I
4080,4080,52.155266,-106.713621,None,0,Hampton Circle / East Hampton
3376,3376,52.124272,-106.59713,None,0,Acadia / Carleton
4255,4255,52.155499,-106.562481,None,0,Stensrud / Zimmer
3167,3167,52.094506,-106.611814,None,0,Easthill / Arlington
4240,4240,52.141537,-106.604085,None,0,Egbert / 113th Street
5525,5525,52.113498,-106.709179,None,0,Dawes / Dudley
3343,3343,52.114785,-106.587341,None,0,8th Street / McKercher
4095,4095,52.143608,-106.599033,None,0,Central / 115th Street
3996,3996,52.163814,-106.623201,None,0,Assiniboine / Nahanni
5518,5518,52.114216,-106.64635,None,0,Clarence / 7th Street
5472,5472,52.090857,-106.622568,None,0,Preston / Dumont
5910,5910,52.1124,-106.598237,None,0,Centre Mall Terminal I/B
3986,3986,52.100132,-106.665424,None,0,Ruth / Melrose
5723,5723,52.139768,-106.721807,None,0,Massey / Matheson
3003,3003,52.131526,-106.601693,None,0,104th Street / 100 Block
3684,3684,52.156204,-106.685586,None,0,Airport Drive / Robin
5721,5721,52.10358,-106.609966,None,0,Arlington / Louise
3186,3186,52.131651,-106.652017,None,0,25th Street / Spadina
5802,5802,52.116669,-106.634117,None,0,Main / Cumberland
3648,3648,52.181352,-106.632934,None,0,Russell / Goerzen
5683,5683,52.084236,-106.643928,None,0,Cope Way / Stonebridge
4153,4153,52.107243,-106.646365,None,0,Clarence / Taylor
5713,5713,52.163227,-106.574976,None,0,Lowe / Pohorecky
3752,3752,52.167838,-106.617778,None,0,Pinehouse / Saguenay
3329,3329,52.114879,-106.635188,None,0,8th Street / Cumberland
3845,3845,52.122877,-106.755856,None,0,McCormack / Cory
5625,5625,52.126942,-106.758641,None,0,Betts / Molland
4424,4424,52.172634,-106.635306,None,0,Cree / Lenore
3359,3359,52.114657,-106.63801,None,0,8th Street / Wiggins
3013,3013,52.143748,-106.603653,None,0,115th Street / Egbert
3750,3750,52.136858,-106.754518,None,0,Diefenbaker / Childers
4106,4106,52.131895,-106.598815,None,0,Central / Central Place
3473,3473,52.123155,-106.681253,None,0,Avenue H / 18th Street
4059,4059,52.105064,-106.656869,None,0,Broadway / Isabella
3338,3338,52.11486,-106.626296,None,0,8th Street / Grosvenor
5853,5853,52.180122,-106.619948,None,0,Meilicke / Silverwood
3114,3114,52.114537,-106.741515,None,0,Elevator/ 11th Street
3908,3908,52.13325,-106.725191,None,0,Laurier Drive / Confederation
3073,3073,52.123795,-106.663507,None,0,19th Street / 3rd Avenue
3893,3893,52.1125,-106.670569,None,0,Lorne / 6th Street
4050,4050,52.112566,-106.656885,None,0,Broadway / 6th Street
3734,3734,52.172949,-106.632808,None,0,Primrose / Lenore
3713,3713,52.17377,-106.614397,None,0,Redberry / Candle
3822,3822,52.120696,-106.586881,None,0,McKercher / Mount Allison
5461,5461,52.116513,-106.57432,None,0,Boychuk / Laurentian
3572,3572,52.107256,-106.625732,None,0,Taylor / Grosvenor
3278,3278,52.1266,-106.663128,None,0,3rd Avenue / 21st Street
5782,5782,52.143775,-106.709675,None,0,33rd Street / Avenue Y
4147,4147,52.116508,-106.646604,None,0,Clarence / Main
4328,4328,52.13919,-106.629714,None,0,Innovation / Perimeter
4386,4386,52.153384,-106.673054,None,0,Avenue C / 39th Street
3963,3963,52.143687,-106.570815,None,0,Kenderdine / Bonli
3594,3594,52.18421,-106.619503,None,0,Silverwood / Molloy
4254,4254,52.167423,-106.588938,None,0,Konihowski / Bourgonje
3946,3946,52.142222,-106.729445,None,0,J A MacDonald / Cartier
5635,5635,52.134652,-106.650133,None,0,Kinsmen Park
3139,3139,52.129339,-106.668693,None,0,22nd Street / Pacific
5814,5814,52.094075,-106.622026,None,0,Arlington / Preston
3075,3075,52.127599,-106.666065,None,0,1st Avenue / 21st Street
3602,3602,52.178739,-106.614111,None,0,Silverwood / A E Adams
3663,3663,52.133282,-106.693444,None,0,Rusholme / Avenue P
5560,5560,52.156631,-106.673061,None,0,Avenue C / 41st Street
4311,4311,52.135102,-106.670309,None,0,Idylwyld / 27th Street
3098,3098,52.126096,-106.684163,None,0,20th Street / Avenue J
4437,4437,52.137087,-106.694505,None,0,29th Street / Avenue P
3387,3387,52.12287,-106.586894,None,0,Acadia / McKercher
3290,3290,52.139181,-106.65897,None,0,2nd Avenue / Princess
4197,4197,52.118289,-106.583466,None,0,DeGeer / DeGeer
3621,3621,52.100461,-106.681754,None,0,Ruth / Saint Henry
5809,5809,52.095209,-106.645766,None,0,Wilson / Clarence
3484,3484,52.163254,-106.575225,None,0,Lowe / Atton
3183,3183,52.104745,-106.567509,None,0,Briarvale / Briarwood
3307,3307,52.159243,-106.590662,None,0,Konihowski / Pezer
4448,4448,52.114697,-106.613432,None,0,8th Street / Goodwin
3390,3390,52.1049,-106.598778,None,0,Acadia / Taylor
4364,4364,52.108457,-106.586865,None,0,McKercher / Holland
3400,3400,52.154229,-106.642134,None,0,Alexandra / Eddy
3107,3107,52.126084,-106.695822,None,0,20th Street / Avenue Q
5517,5517,52.151508,-106.730038,None,0,McClocklin / West Hampton
5526,5526,52.149959,-106.56946,None,0,Nelson / Heal
3424,3424,52.12007,-106.608858,None,0,Arlington / Hardy
4411,4411,52.129961,-106.59866,None,0,103rd Street / Central
5793,5793,52.13346,-106.683314,None,0,Rusholme / Avenue I
3505,3505,52.09795,-106.661546,None,0,Wilson / Niderost
3469,3469,52.120213,-106.681322,None,0,Avenue H / 16th Street
5414,5414,52.129996,-106.661611,None,0,Downtown Terminal East 2
3296,3296,52.187503,-106.650475,None,0,60th Street / 800-Block
3933,3933,52.092147,-106.581961,None,0,Kingsmere / Brightsand
4413,4413,52.129617,-106.593469,None,0,103rd Street / Jessop
4160,4160,52.165851,-106.59182,None,0,Konihowski / Le May (S/Leg)
3802,3802,52.172903,-106.650494,None,0,51st Street / Cleveland
3896,3896,52.110779,-106.670554,None,0,Lorne / 4th Street
4398,4398,52.151514,-106.678815,None,0,38th Street / Avenue G
3234,3234,52.143775,-106.693438,None,0,33rd Street / Avenue P
3472,3472,52.123146,-106.681508,None,0,Avenue H / 18th Street
5608,5608,52.138262,-106.670333,None,0,Idylwyld / 30th Street
3928,3928,52.167118,-106.626479,None,0,La Ronge / Bethany Manor
5808,5808,52.113215,-106.617286,None,0,7th Street / Emmerson
5497,5497,52.170377,-106.556329,None,0,Baltzan / Horner Crescent
5475,5475,52.086437,-106.629106,None,0,Cornish / Willis Way
5799,5799,52.136991,-106.706276,None,0,29th Street / Avenue W
4098,4098,52.133582,-106.663481,None,0,1st Avenue / 25th Street
4324,4324,52.135398,-106.670068,None,0,Idylwyld / 27th Street
5857,5857,52.100305,-106.6372,None,0,Ruth / Ewart
3664,3664,52.133449,-106.694466,None,0,Rusholme / Avenue P
5388,5388,52.112383,-106.710316,None,0,Dudley / Schuyler
3332,3332,52.114703,-106.659721,None,0,8th Street / Eastlake
3580,3580,52.098243,-106.584493,None,0,Stillwater / Weyakwin
4323,4323,52.084468,-106.622498,None,0,Ironwood Crossing
3200,3200,52.133303,-106.661772,None,0,2nd Avenue / 25th Street
4000,4000,52.124154,-106.666223,None,0,19th Street / 2nd Avenue
3793,3793,52.157928,-106.65468,None,0,Circle / Venture
5596,5596,52.143053,-106.622599,None,0,Preston / 115th Street
3372,3372,52.116297,-106.598798,None,0,Acadia / Balfour
3350,3350,52.114833,-106.641683,None,0,8th Street / Munroe
3427,3427,52.102609,-106.610676,None,0,Arlington / Porter
3525,3525,52.146293,-106.730727,None,0,Wedge / Hunt
5804,5804,52.130765,-106.680391,None,0,23rd Street / Avenue G
4126,4126,52.123002,-106.646334,None,0,Clarence / 15th Street
4486,4486,52.087175,-106.654669,None,0,Brand / Brand Court
4383,4383,52.145113,-106.725804,None,0,George / 121 George Road
5749,5749,52.123292,-106.579318,None,0,Boychuk / Western
4455,4455,52.131423,-106.576601,None,0,Kenderdine / 600-Block
3925,3925,52.168525,-106.627401,None,0,La Ronge / Pinehouse
4013,4013,52.100296,-106.654479,None,0,Ruth / Dufferin Avenue
3259,3259,52.150509,-106.699431,None,0,37th Street / Cole
3018,3018,52.143682,-106.574913,None,0,115th Street / Kenderdine
3636,3636,52.100143,-106.634935,None,0,Ruth / Cumberland
5888,5888,52.134955,-106.575649,None,0,Kenderdine / Kerr
5837,5837,52.129185,-106.672782,None,0,22nd Street / Avenue C
4051,4051,52.112544,-106.656627,None,0,Broadway / 6th Street
4016,4016,52.095666,-106.653536,None,0,Wilson / Dufferin
5565,5565,52.114496,-106.724158,None,0,Lancaster / 11th Street
3507,3507,52.094066,-106.638821,None,0,Wilson / MacLean
3093,3093,52.126255,-106.680021,None,0,20th Street / Avenue G
3654,3654,52.133448,-106.691039,None,0,Rusholme / Leif Erickson
4329,4329,52.139333,-106.629889,None,0,Innovation / Perimeter
4392,4392,52.124116,-106.730993,None,0,Olmstead / Forrester
5467,5467,52.096474,-106.622827,None,0,Preston / 2600-Block
4049,4049,52.111187,-106.656626,None,0,Broadway / 4th Street
4047,4047,52.110226,-106.656626,None,0,Broadway / 3rd Street
3929,3929,52.15545,-106.59295,None,0,Konihowski / Rever
3990,3990,52.138165,-106.632446,None,0,Canadian Light Source
4135,4135,52.114792,-106.646336,None,0,Clarence / 8th Street
3283,3283,52.13147,-106.660793,None,0,3rd Avenue / 24th Street
3560,3560,52.095657,-106.649085,None,0,Wilson / Albert
3092,3092,52.12607,-106.678063,None,0,20th Street / Avenue F
3947,3947,52.142021,-106.726572,None,0,J A MacDonald / Confederation
3084,3084,52.126022,-106.671042,None,0,20th Street / Avenue B
5781,5781,52.146615,-106.582657,None,0,Nelson / Attridge
4381,4381,52.172692,-106.664973,None,0,Faithfull / 51st Street
3437,3437,52.136324,-106.65852,None,0,3rd Avenue / Queen
3351,3351,52.11472,-106.622411,None,0,8th Street / Preston
5735,5735,52.118506,-106.706354,None,0,Appleby / Avenue W
4307,4307,52.147547,-106.739175,None,0,Latrace / Robinson
4202,4202,52.126958,-106.728093,None,0,Diefenbaker / Fairlight
3331,3331,52.114713,-106.654219,None,0,8th Street / Dufferin
3094,3094,52.126088,-106.679553,None,0,20th Street / Avenue G
3811,3811,52.180381,-106.646321,None,0,Millar / English
3345,3345,52.114536,-106.667549,None,0,8th Street / McPherson
3559,3559,52.107413,-106.629135,None,0,Taylor / Morgan
4303,4303,52.103669,-106.681596,None,0,Hilliard / St Henry
3306,3306,52.140831,-106.652222,None,0,7th Avenue / Duke
3609,3609,52.11097,-106.686847,None,0,Schuyler / Avenue K
5586,5586,52.19467,-106.678832,None,0,Marquis / Thatcher
3196,3196,52.114346,-106.587126,None,0,McKercher / 8th Street
4162,4162,52.128775,-106.641166,None,0,College / Munroe
City Centre,None,52.13003,-106.6618,1,0,City Centre Hub
5682,5682,52.086402,-106.646671,None,0,Clarence / Brand
3348,3348,52.114602,-106.593467,None,0,8th Street / Moss
5730,5730,52.118503,-106.710967,None,0,Appleby / Wardlow
3604,3604,52.110977,-106.693753,None,0,Schuyler / Avenue P
5720,5720,52.136614,-106.721451,None,0,Northumberland / Milton
5570,5570,52.114659,-106.735326,None,0,11th Street / Crescent Boulevard
3137,3137,52.169377,-106.580477,None,0,Zary / Roy Crescent
3705,3705,52.149107,-106.60618,None,0,Reid / Adolph
5772,5772,52.14377,-106.718191,None,0,33rd Street / Junor Avenue
5836,5836,52.129175,-106.677571,None,0,22nd Street / Avenue E
3333,3333,52.114539,-106.659445,None,0,8th Street / Eastlake
3026,3026,52.105101,-106.670519,None,0,Lorne / Isabella
3872,3872,52.100802,-106.607196,None,0,Louise / St Ann's Home
4077,4077,52.1328,-106.630461,None,0,Campus / Agriculture Building
3730,3730,52.169932,-106.634071,None,0,Primrose / Pinehouse
4366,4366,52.136695,-106.655428,None,0,Queen / 5th Avenue
4128,4128,52.109403,-106.646363,None,0,Clarence / 2nd Street
5761,5761,52.109077,-106.689978,None,0,Wellington / Avenue M
5400,5400,52.16201,-106.687196,None,0,Airport Drive / Hotels
3474,3474,52.124423,-106.681481,None,0,Avenue H / 19th Street
3522,3522,52.167775,-106.664971,None,0,Faithfull / 48th Street
3395,3395,52.186507,-106.633245,None,0,Adilman / Rowles
4205,4205,52.136852,-106.735693,None,0,Diefenbaker / Mowat
3528,3528,52.09641,-106.580624,None,0,Waterbury / Nesslin
4103,4103,52.138927,-106.599065,None,0,Central / 110th Street
3703,3703,52.147949,-106.601498,None,0,Reid / Greig
3495,3495,52.143571,-106.694218,None,0,Avenue P / 33rd Street
4056,4056,52.101976,-106.65661,None,0,Broadway / Adelaide
4249,4249,52.125742,-106.732727,None,0,Fairlight / Olmstead
3247,3247,52.148415,-106.675479,None,0,36th Street / Avenue E
3430,3430,52.163454,-106.630922,None,0,Assiniboine / Churchill
4472,4472,52.116368,-106.572175,None,0,Laurentian / Laurentian
5722,5722,52.105395,-106.609322,None,0,Arlington / Taylor
4296,4296,52.143899,-106.552657,None,0,Keedwell / Muzyka
4093,4093,52.161675,-106.660687,None,0,1st Avenue / 44th Street
4292,4292,52.153146,-106.647356,None,0,Hazen / Rupert
4466,4466,52.13818,-106.563641,None,0,Kerr / Kaplan Green
3305,3305,52.141108,-106.651967,None,0,7th Avenue / Duke
5469,5469,52.090956,-106.62283,None,0,Preston / Dumont
4227,4227,52.146845,-106.646491,None,0,Edward / Balmoral
3620,3620,52.13496,-106.710412,None,0,Witney / Rylston
5904,5904,52.13059,-106.636829,None,0,Place Riel / Terminal E&S
3985,3985,52.162241,-106.638737,None,0,Assiniboine / Athabasca
4081,4081,52.100134,-106.653515,None,0,Ruth Street / Dufferin
3994,3994,52.122511,-106.721518,None,0,Fairmont / 300-Block
3436,3436,52.162436,-106.635208,None,0,Assiniboine / Ravine
3482,3482,52.164634,-106.568675,None,0,Evergreen / Manek
4388,4388,52.110935,-106.565493,None,0,Briarwood / Briargate
3027,3027,52.103412,-106.670518,None,0,Lorne / Hilliard
3459,3459,52.187926,-106.646366,None,0,Millar / 60th Street
4378,4378,52.142487,-106.625506,None,0,Research / Resources
3799,3799,52.107914,-106.735184,None,0,Mountbatten / Haida
3284,3284,52.104806,-106.573965,None,0,Heritage / Boychuk
3109,3109,52.126082,-106.69907,None,0,20th Street / Avenue S
5763,5763,52.147773,-106.599047,None,0,Central / Reid
3096,3096,52.126263,-106.683099,None,0,20th Street / Avenue I
3897,3897,52.108938,-106.670553,None,0,Lorne / 2nd Street
5615,5615,52.105749,-106.563172,None,0,Briarwood / Beechdale
4146,4146,52.105444,-106.646363,None,0,Clarence / Isabella
3170,3170,52.133067,-106.659711,None,0,25th Street / 3rd Avenue
3465,3465,52.085638,-106.642017,None,0,cope terminus
4399,4399,52.151505,-106.675778,None,0,38th Street / Avenue E
3293,3293,52.131171,-106.658704,None,0,24th Street / 4th Avenue
5569,5569,52.135108,-106.622618,None,0,Preston Avenue / 108th
5800,5800,52.133002,-106.681429,None,0,Avenue H / Rusholme
5874,5874,52.085322,-106.622775,None,0,Preston / Cornish
3494,3494,52.139972,-106.694215,None,0,Avenue P / 31st Street
5700,5700,52.148418,-106.669901,None,0,36th Street / Idylwyld
4232,4232,52.135773,-106.603862,None,0,Egbert / 107th Street
5459,5459,52.11883,-106.571236,None,0,Laurentian / Guelph
3413,3413,52.118669,-106.706012,None,0,Appleby / Avenue W
4029,4029,52.197846,-106.630834,None,0,Arthur Rose / Beavis
3406,3406,52.150944,-106.645143,None,0,Alexandra / 1600-Block
5789,5789,52.109914,-106.569631,None,0,Briarwood / Briarvale
3617,3617,52.166778,-106.57747,None,0,Zary / Atton
3885,3885,52.100576,-106.670267,None,0,Lorne / Ruth
3201,3201,52.135703,-106.660342,None,0,2nd Avenue / 26th Street
4432,4432,52.148299,-106.598774,None,0,Central / Rossmo
4042,4042,52.11941,-106.656614,None,0,Broadway / 11th Street
3960,3960,52.14141,-106.56585,None,0,Kenderdine / Cowley
5709,5709,52.164126,-106.561997,None,0,Baltzan / Boykowich
3335,3335,52.114886,-106.617263,None,0,8th Street / Emerson
3856,3856,52.117893,-106.617489,None,0,Main / Rutter
4194,4194,52.167182,-106.58898,None,0,Konihowski / Le May
4033,4033,52.123462,-106.586198,None,0,Boychuk / McKercher
5433,5433,52.102644,-106.606785,None,0,Louise / Louise
3360,3360,52.114833,-106.639145,None,0,8th Street / Wiggins
4422,4422,52.131805,-106.728097,None,0,Diefenbaker / Worobetz
3814,3814,52.107439,-106.631025,None,0,Taylor / Louise
3187,3187,52.131884,-106.652148,None,0,25th Street / Spadina
3717,3717,52.162233,-106.636102,None,0,Assiniboine / Red River
5827,5827,52.15894,-106.673033,None,0,Avenue C / Circle Drive
3097,3097,52.126263,-106.684602,None,0,20th Street / Avenue J
3188,3188,52.092158,-106.617316,None,0,Eastview / 2700-Block
3746,3746,52.122205,-106.622536,None,0,Preston / 14th Street
5731,5731,52.126241,-106.710613,None,0,20th Street / Witney
3178,3178,52.103655,-106.58531,None,0,Heritage / Heritage Way
5379,5379,52.156624,-106.663213,None,0,Quebec / 41st Street
4007,4007,52.166411,-106.647403,None,0,Millar / 47th Street
5805,5805,52.111092,-106.608851,None,0,Arlington / Clark
4452,4452,52.132334,-106.56643,None,0,Kenderdine / Kucey
4175,4175,52.139772,-106.726221,None,0,Confederation / Massey
5906,5906,52.1005,-106.620272,None,0,Market Mall Terminal I/B
5573,5573,52.174272,-106.669856,None,0,Idylwyld Service / 52nd Street
3671,3671,52.184147,-106.630661,None,0,Rowles / Russell
5668,5668,52.084056,-106.633046,None,0,Gordon / Stepney
3364,3364,52.114627,-106.586689,None,0,8th Street / McKercher
3369,3369,52.10682,-106.599031,None,0,Acadia / Avondale
3365,3365,52.121607,-106.599063,None,0,Acadia / 14th Street
3520,3520,52.165573,-106.66497,None,0,Faithfull / 47th Street
5884,5884,52.100027,-106.566744,None,0,Herold / 300-Block
5889,5889,52.13766,-106.575659,None,0,Kenderdine / Brunst
3504,3504,52.099967,-106.662341,None,0,Wilson / Ruth
3407,3407,52.156061,-106.64239,None,0,Alexandra / Rupert
4030,4030,52.118063,-106.575212,None,0,Boychuk / DeGeer
3425,3425,52.120151,-106.609121,None,0,Arlington / Hardy
3113,3113,52.126081,-106.702587,None,0,20th Street / Avenue U
5887,5887,52.105179,-106.570369,None,0,Briarwood / Blackburn
3921,3921,52.166903,-106.576388,None,0,Zary / Evergreen
4052,4052,52.114863,-106.656613,None,0,Broadway / 8th Street
3653,3653,52.133283,-106.691075,None,0,Rusholme / Leif Erickson
3458,3458,52.150194,-106.559058,None,0,Stensrud / Shepherd
4301,4301,52.103664,-106.677584,None,0,Hilliard / Herman
3868,3868,52.118289,-106.60983,None,0,Main / Arlington
3226,3226,52.14376,-106.681151,None,0,33rd Street / Avenue H
5746,5746,52.118134,-106.578931,None,0,DeGeer / Trent
4182,4182,52.109985,-106.63543,None,0,Cumberland / 3rd Street
4143,4143,52.103362,-106.646632,None,0,Clarence / Hilliard
4390,4390,52.111371,-106.703722,None,0,Fletcher / Schuyler
3141,3141,52.12939,-106.710633,None,0,22nd Street / Witney
3396,3396,52.187432,-106.627452,None,0,Adilman/ /Russell
5380,5380,52.145184,-106.663179,None,0,Quebec / 34th Street
3727,3727,52.136528,-106.658109,None,0,Queen / 3rd Avenue
4156,4156,52.095583,-106.646391,None,0,Clarence / Wilson
3729,3729,52.15619,-106.663463,None,0,Quebec / 41st Street
3650,3650,52.133045,-106.71041,None,0,Witney / Rusholme
4419,4419,52.14393,-106.65245,None,0,33rd Street / 7th Avenue
4107,4107,52.163482,-106.629999,None,0,Assiniboine / Churchill
4199,4199,52.118287,-106.579778,None,0,DeGeer / DeGeer
5756,5756,52.124064,-106.666763,None,0,19th Street / 2nd Avenue
3844,3844,52.101077,-106.628824,None,0,Ruth / Louise
3863,3863,52.117107,-106.620793,None,0,Main / Kirk
3588,3588,52.096929,-106.609956,None,0,Arlington / East Drive
5847,5847,52.169646,-106.633313,None,0,Pinehouse / Primrose
5677,5677,52.097591,-106.646379,None,0,Clarence / Cascade
3857,3857,52.11805,-106.61763,None,0,Main / Quance
4263,4263,52.160058,-106.660697,None,0,1st Avenue / 43rd Street
5665,5665,52.082923,-106.627969,None,0,Gordon / Laycock
5532,5532,52.081783,-106.635438,None,0,Galloway / Lynd
3256,3256,52.150679,-106.730038,None,0,37th Street / Hunt
4266,4266,52.160336,-106.64906,None,0,Millar / 43rd Street
3378,3378,52.120293,-106.598809,None,0,Acadia / Cronkite
4369,4369,52.117246,-106.619659,None,0,Main / Morton
5726,5726,52.100329,-106.618214,None,0,Louise / McEown
3748,3748,52.132382,-106.755062,None,0,Centennial / Childers
5810,5810,52.094769,-106.642162,None,0,Wilson / MacDermid
4100,4100,52.136737,-106.59881,None,0,Central / 108th Street
3236,3236,52.150871,-106.717438,None,0,37th Street / Junor
3660,3660,52.133428,-106.70126,None,0,Rusholme / Avenue T
3606,3606,52.110978,-106.691371,None,0,Schuyler / Avenue N
5653,5653,52.169172,-106.686705,None,0,Wayne Hicks / Airport Drive
3428,3428,52.09424,-106.622121,None,0,Arlington / Preston
3420,3420,52.094239,-106.618081,None,0,Arlington / James Anderson Park
4417,4417,52.130457,-106.587766,None,0,Packham / 105th Street
3934,3934,52.092977,-106.591444,None,0,Kingsmere / Wollaston
3789,3789,52.098557,-106.581884,None,0,Nemeiben / Smoothstone
3805,3805,52.17741,-106.657706,None,0,Miners / 3000-Block
3166,3166,52.092046,-106.614027,None,0,Eastview / 2500-Block
3771,3771,52.145744,-106.646661,None,0,Osborne / Edward
5775,5775,52.149803,-106.57884,None,0,Centennial Collegiate
4137,4137,52.101688,-106.646632,None,0,Clarence / Adelaide
5368,5368,52.119791,-106.70564,None,0,Avenue W / 17th Street
5883,5883,52.098364,-106.567184,None,0,Slimmon / Herold
5821,5821,52.100319,-106.614245,None,0,Ilarion Residence
3443,3443,52.163369,-106.67435,None,0,Avenue C / 45th Street
4089,4089,52.201657,-106.646644,None,0,Millar / 71st Street
4144,4144,52.103788,-106.646377,None,0,Clarence / Hilliard
3314,3314,52.113055,-106.618186,None,0,Early / 7th Street
3056,3056,52.119884,-106.65144,None,0,12th Street / Lansdowne
3119,3119,52.114555,-106.741778,None,0,Elevator/ 11th Street
5796,5796,52.135489,-106.710145,None,0,Witney / Rylston
3004,3004,52.131359,-106.601482,None,0,O'Neil / 104th Street
4304,4304,52.145422,-106.599031,None,0,Central / 116th Street
4248,4248,52.101642,-106.563063,None,0,Pawlychenko / 135 Pawlychenko
5612,5612,52.109313,-106.608706,None,0,Arlington / Welker
4084,4084,52.15563,-106.721951,None,0,Hampton Circle / Geary
4218,4218,52.114511,-106.622818,None,0,Preston / 8th Street
3892,3892,52.112953,-106.670314,None,0,Lorne / 6th Street
3937,3937,52.094577,-106.599013,None,0,Kingsmere / Delaronde
3068,3068,52.118343,-106.685704,None,0,15th Street / Avenue K
3643,3643,52.175864,-106.63275,None,0,Russell / Roborecki
3363,3363,52.114593,-106.646164,None,0,8th Street / Clarence
4001,4001,52.112633,-106.694208,None,0,Avenue P / Dudley
3618,3618,52.166459,-106.617268,None,0,Saguenay / La Ronge
5738,5738,52.114702,-106.649197,None,0,8th Street / Albert
3145,3145,52.130771,-106.673243,None,0,23rd Street / Avenue C
4152,4152,52.107044,-106.646618,None,0,Clarence / Taylor
5900,5900,52.129574,-106.661698,None,0,Downtown Terminal South
5790,5790,52.110086,-106.572112,None,0,Briarwood / Braeside
3619,3619,52.165995,-106.617516,None,0,Saguenay / La Ronge
4148,4148,52.117007,-106.646334,None,0,Clarence / Main
5703,5703,52.136862,-106.759892,None,0,Kensington / Diefenbaker
4165,4165,52.128963,-106.633792,None,0,College / Cumberland
4003,4003,52.120122,-106.7059,None,0,Avenue W / 17th Street
5771,5771,52.143765,-106.72529,None,0,33rd Street / Confederation
5561,5561,52.11259,-106.737657,None,0,Haida Avenue / Caen Street
3501,3501,52.126068,-106.714512,None,0,20th Street / Winnipeg
3361,3361,52.11461,-106.590858,None,0,8th Street / 3700-Block
3023,3023,52.143865,-106.582544,None,0,115th Street / Berini
4041,4041,52.117553,-106.656871,None,0,Broadway / 10th Street
3287,3287,52.139603,-106.658488,None,0,2nd Avenue / Princess
4065,4065,52.107044,-106.656884,None,0,Broadway / Taylor
3716,3716,52.085654,-106.621418,None,0,Hunter / Preston
3883,3883,52.094741,-106.641372,None,0,Wilson / Carins
5770,5770,52.144726,-106.726183,None,0,Snowberry Downs
4246,4246,52.101644,-106.566478,None,0,Pawlychenko / Herold
3173,3173,52.132439,-106.656207,None,0,25th Street / 5th Avenue
3835,3835,52.120443,-106.744293,None,0,McCormack / Sherry
3993,3993,52.148705,-106.619324,None,0,Preston / Preston Crossing
3095,3095,52.126097,-106.681028,None,0,20th Street / Avenue H
4086,4086,52.195923,-106.654073,None,0,Marquis / Burron
3151,3151,52.130774,-106.678843,None,0,23rd Street / Avenue F
5588,5588,52.192107,-106.683056,None,0,Apex / Bill Hunter
3670,3670,52.133461,-106.684692,None,0,Rusholme / Avenue J
4454,4454,52.129738,-106.573695,None,0,Kenderdine / Wright
5823,5823,52.093465,-106.630577,None,0,Wilson / Estey
4124,4124,52.121994,-106.646334,None,0,Clarence / 14th Street
4298,4298,52.104744,-106.578162,None,0,Heritage / Heritage View
5769,5769,52.146561,-106.723907,None,0,George / Makaroff
5724,5724,52.14153,-106.721795,None,0,Matheson / Maxwell
5863,5863,52.145703,-106.575209,None,0,Lowe / Attridge
5792,5792,52.132958,-106.681167,None,0,Bedford Road Collegiate
4384,4384,52.146768,-106.723411,None,0,George /Makaroff
5909,5909,52.1124,-106.597697,None,0,Centre Mall Terminal O/B
4316,4316,52.150855,-106.726223,None,0,37th / Sumner
4335,4335,52.112984,-106.727104,None,0,Caen / Currie Avenue
5795,5795,52.132154,-106.710154,None,0,Witney / Bedford
5415,5415,52.130382,-106.662808,None,0,Downtown Terminal West 2
3198,3198,52.09715,-106.656871,None,0,Broadway / Cascade
3774,3774,52.145753,-106.650109,None,0,Osborne / 8th Avenue
4158,4158,52.136991,-106.68596,None,0,29th Street / Avenue K
3829,3829,52.100319,-106.617484,None,0,Louise / 2500-Block
3907,3907,52.133306,-106.723843,None,0,Laurier / Confederation
5886,5886,52.105177,-106.568019,None,0,Briarwood / Briarvale
3479,3479,52.151924,-106.663211,None,0,Quebec / 38th Street
4253,4253,52.150128,-106.566582,None,0,Nelson / McOrmond
3918,3918,52.119995,-106.651114,None,0,Lansdowne / 12th Street
4219,4219,52.113242,-106.701412,None,0,Dudley / Avenue U
3898,3898,52.109415,-106.670288,None,0,Lorne / 2nd Street
3709,3709,52.170439,-106.620772,None,0,Redberry / Reindeer
3063,3063,52.118502,-106.68169,None,0,15th Street / Avenue H
3910,3910,52.117221,-106.570173,None,0,Laurentian / Guelph
3891,3891,52.113823,-106.670314,None,0,Lorne / 7th Street
5460,5460,52.117257,-106.57048,None,0,Laurentian / Begg
5762,5762,52.109409,-106.689395,None,0,Avenue M / Wellington
5575,5575,52.175962,-106.669784,None,0,Idylwyld Service / 3000-Block
5465,5465,52.12822,-106.746232,None,0,Bowlt / Shaw Center
5786,5786,52.116678,-106.629124,None,0,Latham Park
3340,3340,52.114713,-106.651468,None,0,8th Street / Lansdowne
4463,4463,52.134679,-106.575307,None,0,Kerr / Kenderdine
3544,3544,52.124954,-106.648632,None,0,Temperance / Albert
3099,3099,52.126096,-106.685652,None,0,20th Street / Avenue K
3878,3878,52.100984,-106.6283,None,0,Louise / Ruth
3273,3273,52.143926,-106.661177,None,0,33rd Street / 1st Avenue
5767,5767,52.143931,-106.718176,None,0,33rd Street / Junor
5579,5579,52.186755,-106.670141,None,0,Idylwyld Service / 60th Street
5881,5881,52.105017,-106.57104,None,0,Briarwood / Banyan
3847,3847,52.125525,-106.740116,None,0,McCormack / Blue
3661,3661,52.133438,-106.698012,None,0,Rusholme / Avenue R
3707,3707,52.121966,-106.721689,None,0,Fairmont / Clancy
3778,3778,52.14591,-106.648122,None,0,Osborne / 10th Avenue
4118,4118,52.117525,-106.64659,None,0,Clarence / 10th Street
3103,3103,52.126095,-106.689907,None,0,20th Street / Avenue N
5833,5833,52.131187,-106.681136,None,0,Avenue H / 23rd Street
3065,3065,52.118335,-106.68281,None,0,15th Street / Avenue I
5801,5801,52.133298,-106.68327,None,0,Rusholme / Avenue I
3977,3977,52.082896,-106.624935,None,0,Gordon / Stonebridge Common
5854,5854,52.180114,-106.623998,None,0,Meilicke / Stechishin
5387,5387,52.093317,-106.588336,None,0,Kingsmere / Wollaston
3603,3603,52.110819,-106.693892,None,0,Schuyler / Avenue P
4002,4002,52.113055,-106.622074,None,0,7th Street / Preston
5538,5538,52.151606,-106.718247,None,0,McClocklin / Hampton Gate
4394,4394,52.151672,-106.673465,None,0,38th Street / Avenue C
4037,4037,52.114645,-106.57606,None,0,8th Street / Boychuk
3150,3150,52.130936,-106.678478,None,0,23rd Street / Avenue F
5894,5894,52.1389,-106.56222,None,0,Kenderdine / Kerr
3568,3568,52.107404,-106.634075,None,0,Taylor / Jackson
5645,5645,52.160475,-106.67923,None,0,Hanselman / Shaw Cable
5751,5751,52.115196,-106.598789,None,0,Acadia / 8th Street
4465,4465,52.136285,-106.56712,None,0,Kerr / Chotem
3700,3700,52.168386,-106.621534,None,0,Reindeer / Pinehouse
3358,3358,52.114703,-106.662487,None,0,8th Street / Victoria
3969,3969,52.115986,-106.656613,None,0,Broadway / 9th Street
4409,4409,52.137342,-106.591065,None,0,Gray / Imperial
4242,4242,52.111758,-106.741542,None,0,Elevator / Arnhem
4167,4167,52.100134,-106.65639,None,0,Ruth Street / Broadway
4087,4087,52.194691,-106.667352,None,0,Marquis / Siemens
4449,4449,52.121953,-106.634553,None,0,Cumberland / 14th Street
3809,3809,52.187507,-106.64713,None,0,60th Street / Millar
5707,5707,52.164562,-106.556078,None,0,Baltzan Boulevard / Akhtar
5493,5493,52.172986,-106.560797,None,0,Evergreen / Fedoruk
5633,5633,52.155098,-106.724565,None,0,West Hampton / Geary
5482,5482,52.084074,-106.636109,None,0,Stonebridge / Galloway
3133,3133,52.13346,-106.685969,None,0,Rusholme / Avenue K
3334,3334,52.114719,-106.616526,None,0,8th Street / Emerson
3383,3383,52.109615,-106.59878,None,0,Acadia / Highbury
3569,3569,52.107247,-106.633998,None,0,Taylor / Jackson
4211,4211,52.13685,-106.753128,None,0,Diefenbaker / Devonshire
3199,3199,52.133789,-106.661247,None,0,2nd Avenue / 25th Street
3667,3667,52.133294,-106.686607,None,0,Rusholme / Avenue L
5450,5450,52.121615,-106.734799,None,0,Forrester / Peeling
4088,4088,52.132378,-106.743645,None,0,Centennial / Johnson
5614,5614,52.105024,-106.567129,None,0,Briarwood / Briarvale
4489,4489,52.094471,-106.552001,None,0,Rosewood / Rosewood Gate North
3955,3955,52.14222,-106.733772,None,0,J A MacDonald / Tilley
4305,4305,52.150414,-106.739181,None,0,Latrace / 37th Street
5602,5602,52.194036,-106.639931,None,0,Kochar / Sarcan
5396,5396,52.093422,-106.55571,None,0,Rosewood / Hastings Crescent
3005,3005,52.136498,-106.607997,None,0,108th Street / Bryans
3967,3967,52.113253,-106.696654,None,0,Dudley / Avenue R
3067,3067,52.118505,-106.685739,None,0,15th Street / Avenue K
3508,3508,52.09537,-106.65416,None,0,Wilson / MacEachern
4101,4101,52.136391,-106.599081,None,0,Central / 108th Street
4385,4385,52.149519,-106.720844,None,0,George / Ward
5601,5601,52.140393,-106.564028,None,0,Kenderdine / Steiger
3731,3731,52.169627,-106.634554,None,0,Primrose / Pinehouse
4066,4066,52.107404,-106.656626,None,0,Broadway / Taylor
5594,5594,52.101697,-106.598555,None,0,Kingsmere / Costigan
3224,3224,52.143931,-106.678005,None,0,33rd Street / Avenue F
5858,5858,52.100142,-106.63218,None,0,Ruth / Blaine
3666,3666,52.13346,-106.689104,None,0,Rusholme / Avenue M
4243,4243,52.108363,-106.741523,None,0,Elevator / Dieppe
3608,3608,52.110979,-106.688351,None,0,Schuyler / Avenue L
5398,5398,52.090817,-106.57013,None,0,Rosewood / Ledingham Way
5605,5605,52.143861,-106.576102,None,0,115th Street / Kenderdine
5903,5903,52.130617,-106.636917,None,0,Place Riel / Terminal W&N
5619,5619,52.110978,-106.560885,None,0,Briarwood / Bayfield
