Bus Rider?,Postal Code
Yes,S7M5E5
Yes,S7M5K6
Yes,S7H3V2
Yes,S7N0K1
Yes,S7N1R2
Yes,S7L2R3
Yes,S7J2H7
Yes,S7N0A3
Yes,S7M5J8
Yes,S7H3W3
Yes,S7N0W5
Yes,S7N1R6
Yes,S7H1G4
Yes,S7N2Y4
Yes,S7H3T8
Yes,S7L5W4
Yes,S7M3Y8
Yes,S7J0Y1
Yes,S7K3X4
Yes,S7N1L6
Yes,S7S1N4
Yes,S7J5J7
Yes,S7H1B2
Yes,S7H4C4
Yes,S7H1B2
Yes,S7M5H1
Yes,S7H5K7
Yes,S7L5R2
Yes,S7J1C5
Yes,S7H4T1
Yes,S7N2S2
Yes,S7M1V4
Yes,S7L2W8
Yes,S7V0J3
Yes,S7L5S7
Yes,S7H0A8
Yes,S7L4Z3
Yes,S7K2S1
Yes,S7N2E6
Yes,S7M2Z6
Yes,S7M5E5
Yes,S7L3X6
Yes,S7N1L6
Yes,S7H0M8
Yes,S7W0S5
Yes,S7N2Z3
Yes,S7L2G1
Yes,S7K2V7
Yes,S7M0L4
Yes,S7L3V8
Yes,S7H5J7
Yes,S7N3G8
Yes,S7H5J7
Yes,S7M4W5
Yes,S7S1J9
Yes,S7K5P4
Yes,S7M3Y2
Yes,S7K4K5
Yes,S7J2X3
Yes,S7J1T6
Yes,S7V1G9
Yes,S7H0P7
Yes,S7N4X6
Yes,S7N4W3
Yes,S7K4S9
Yes,S7L7J1
Yes,S7N2Z3
Yes,S7K7M3
Yes,S7L4R4
Yes,S7K7A9
Yes,S7W1C1
Yes,S7N2E4
Yes,S7N2V4
Yes,S7K0K8
Yes,S7K0J7
Yes,S7J4M7
Yes,S7W0V8
Yes,S7M2Y3
Yes,S7H5J7
Yes,S7K7V6
Yes,S7M2R4
Yes,S7H5L5
Yes,S7W0B5
Yes,S7J1S7
No,S7L3K2
Yes,S7J0Y1
Yes,S7J2X4
Yes,S7K0P2
Yes,S7M5X5
Yes,S7K1X2
Yes,S7K2N2
Yes,S7N1H3
Yes,S7J2P1
Yes,S7L0R6
Yes,S7H0Y5
Yes,S7M3A7
Yes,S7N1R2
Yes,S7J3K1
Yes,S7K6K3
Yes,S7M3V6
Yes,S7N1R8
Yes,S7H0N4
Yes,S7W0W1
Yes,S7T0R8
Yes,S7H0M3
Yes,S7H2C1
Yes,S7K4T4
Yes,S7L7A8
Yes,S7H2C2
,
Yes,S7H0R6
Yes,S7N5E3
Yes,S7J2X4
Yes,S7H4L4
Yes,S7N1N4
Yes,S7N1L6
Yes,S7N5E8
Yes,S7L0L8
Yes,S7L2C5
Yes,S7M5Y6
Yes,S7K1E7
Yes,S7V1J8
Yes,S7W0W6
Yes,S7J5L1
Yes,S7N2E5
No,S7M1Y1
Yes,S7T0N8
Yes,S7K1L7
Yes,S7H1E6
Yes,S7K1H2
Yes,S7H2K9
Yes,S7L5C6
Yes,S7H5B1
Yes,S7M4W4
Yes,S7M5E3
Yes,S7J3R8
Yes,S7M1E9
No,S7W0C8
Yes,S7K1L7
Yes,S7M1R3
Yes,S7W0G9
Yes,S7J0C2
Yes,S7N2E5
Yes,S7H1B2
Yes,S7N1L4
Yes,S7L4R9
Yes,S7K0K8
Yes,S7N0G2
No,S7K0L9
Yes,S7L0Z7
Yes,S7H2R7
No,S7J2S9
Yes,S7V0E6
Yes,S7W0T6
Yes,S7N0E5
Yes,S7H3C8
Yes,S7M1R4
Yes,S7H4W7
Yes,S7R0B7
Yes,S7N2V4
Yes,S7J4E2
Yes,S7N1N2
Yes,S7L0M7
Yes,S7M0W5
Yes,S7M1P1
No,S7M2A8
Yes,S7M0M4
Yes,S7N4T3
Yes,S7K0K8
No,S7L0E6
Yes,S7N2X9
Yes,S7N4X9
Yes,S7H4G4
Yes,S7H4C1
Yes,S7L3A4
Yes,S7J0M1
Yes,S7K2N8
Yes,S7W0Y1
Yes,S7K2T4
Yes,S7H3P1
Yes,S7N0E5
Yes,S7L2H9
Yes,S7H5S1
No,S7L0J6
Yes,S7N2E5
Yes,S7N2N9
No,S7H2V9
Yes,S7H0M3
Yes,S7N1L6
Yes,S7N4M7
Yes,S7H4Z6
Yes,S7J2G9
Yes,S7W0V6
Yes,S0J1M0
No,S7N0C2
Yes,S7K0J7
Yes,S7K6T4
No,S7N0N4
Yes,S7H3E8
Yes,S7N1X1
Yes,S7J2Z7
Yes,S7J1L1
Yes,S7H2G6
Yes,S7J3K2
Yes,S7J2S3
Yes,S7N0W3
Yes,S7H2Y6
Yes,S7H2L7
Yes,S7H5B8
Yes,S7N0Y9
Yes,S7L4S1
Yes,S7H2K1
Yes,S7M1X3
Yes,S7H5L8
Yes,S7H0B5
Yes,S7H4X7
Yes,S7J3B9
Yes,S7N3P6
Yes,S7J1C8
Yes,S7H4C9
Yes,S7H5L4
Yes,S7L1T5
Yes,S7T6W9
Yes,S7K6P8
Yes,S7W0B7
Yes,S7H5B1
Yes,S7K2M5
Yes,S7L1K2
Yes,S7N0E8
Yes,S7L3B8
Yes,S7H1A4
Yes,S7N1R1
Yes,S7H1A4
No,S7H5L4
Yes,S7K7H3
Yes,S7L4P2
Yes,S7L0X5
Yes,S7T0C3
Yes,S7N2S2
No,S7V1B7
Yes,S7N4G6
Yes,S7T0J6
Yes,S7W0P6
No,S7K2X8
Yes,S7M1W6
Yes,S7H4V9
Yes,S7L3Z3
Yes,S7H3Y5
Yes,S7J2J9
Yes,S7K7A9
Yes,S7M0E6
Yes,S7V1G4
Yes,S7K4A7
Yes,S7N1S2
Yes,S7N2X9
Yes,S7J2X3
Yes,S7V0E1
Yes,S7N5A7
Yes,S7K1H2
Yes,S7H4P9
Yes,S7N1H3
Yes,S7H1B3
Yes,S7T0W7
Yes,S7N1L6
Yes,S7M1R1
Yes,S7H2C2
Yes,S7H3P1
Yes,S7R1E6
Yes,S7L5B7
No,S7H3Z7
Yes,S7N4T7
Yes,S7H2E1
Yes,S7H2E1
Yes,S7V0A5
Yes,S7S1H6
Yes,S7N3W9
Yes,S7H1A7
Yes,S7V1K5
Yes,S7S1K3
Yes,S7K2M3
Yes,S7N0J8
Yes,S7K2N6
Yes,S7J2X3
Yes,S7W0B8
Yes,S7S1L1
Yes,S7N2V4
Yes,S7N2V4
Yes,S7L5E3
Yes,S7N2T3
Yes,S7H1A4
Yes,S7V1C9
Yes,S7K7K6
Yes,S7J1C3
Yes,S7S1P2
Yes,S7N1L6
Yes,S7N5E8
Yes,S7N0J8
Yes,S7V0A4
Yes,S7H4M6
Yes,S7J0W5
Yes,S7H1P7
Yes,S7J2T4
Yes,S7K5E4
Yes,S7H2W1
Yes,S7M0N2
Yes,S7H2W3
Yes,S7N2R6
Yes,S7V0K5
Yes,S7K6A5
Yes,S7L3P6
Yes,S7M3G7
Yes,S7N1M8
Yes,S7W1C1
Yes,S7M2W3
Yes,S7N2R6
Yes,S7W0N1
Yes,S7H0Z1
Yes,S7N0S6
Yes,S7S1K3
Yes,S7T0T4
Yes,S7K7A9
Yes,S7K6C9
Yes,S7J4K5
Yes,S7H1P3
Yes,S7H0G6
Yes,S7N1L7
Yes,S7J2C3
Yes,S7K7X9
Yes,S7H0M3
Yes,S7H3V8
Yes,S7W0T3
Yes,S7T0M8
Yes,S7K4K5
Yes,S7M3L7
Yes,S7K0A5
Yes,S7N1K5
Yes,S7R0C7
Yes,S7M3K3
Yes,S7V1B7
Yes,S7H5N8
Yes,S7M4G9
Yes,S7M2M7
Yes,S7N0C7
Yes,S7M0T5
Yes,S7M4G9
Yes,S7M2M3
Yes,S7K6A5
Yes,S7N1P6
Yes,S7H1E3
Yes,S7N3H2
Yes,S7L1R2
